2026-07-02 16:22:35,611 | INFO | === Bot RAFI — Iniciando backtest ===
2026-07-02 16:22:35,611 | WARNING | Arquivos CSV não fornecidos. Usando dados SINTÉTICOS (apenas para teste de código).
2026-07-02 16:22:35,624 | INFO | Pré-calculando indicadores (RAFI, S/R, MAs M5+M15)...
2026-07-02 16:22:35,632 | INFO | Iniciando backtest | Período: 2023-01-02 07:00:00+00:00 → 2023-02-01 06:55:00+00:00 | Candles M5: 8640 | Capital: $20.00
2026-07-02 16:22:36,609 | INFO | Backtest concluído | Trades: 0 | Capital final: $20.00
2026-07-02 16:22:36,609 | WARNING | Nenhum trade para analisar
2026-07-02 16:22:36,609 | WARNING | ✘ Metas de Fase 1A não atingidas — revisar parâmetros
2026-07-06 16:57:30,766 | INFO | === Bot RAFI — Iniciando backtest ===
2026-07-06 16:57:30,766 | WARNING | Arquivo CSV não fornecido. Usando dados SINTÉTICOS (apenas para teste de código).
2026-07-06 16:57:30,803 | INFO | Pré-calculando indicadores (RAFI, MA20/50 M5, S/R)...
2026-07-06 16:57:30,824 | INFO | Sessões ativas: ['00:00–23:59']
2026-07-06 16:57:30,825 | INFO | Iniciando backtest | Período: 2023-01-02 07:00:00+00:00 → 2023-02-01 06:55:00+00:00 | Candles M5: 8640 | Capital: $20.00 | Max simultâneos: 1
2026-07-06 16:57:30,825 | INFO | Novo dia (2023-01-02). Resetando contadores de risco diário.
2026-07-06 16:57:30,825 | INFO | Lote calculado: 0.02 | Capital: $20.00 | Risco: 10.0p + 1.3p = 11.3p | Risco USD: $2.00
2026-07-06 16:57:30,829 | INFO | Lucro registrado: $3.15
2026-07-06 16:57:30,829 | INFO | [2023-01-02 23:55] FECHAMENTO | Take-profit atingido @ 1.10145 | Pips: +15.8 | P&L: +$3.15 | Capital: $23.15
2026-07-06 16:57:30,829 | INFO | Lote calculado: 0.02 | Capital: $23.15 | Risco: 10.0p + 1.3p = 11.3p | Risco USD: $2.31
2026-07-06 16:57:30,829 | INFO | Novo dia (2023-01-03). Resetando contadores de risco diário.
2026-07-06 16:57:30,829 | WARNING | Perda registrada: $2.15 | Perdas hoje: 1/100
2026-07-06 16:57:30,829 | INFO | [2023-01-03 00:15] FECHAMENTO | Stop-loss atingido @ 1.10057 | Pips: -10.7 | P&L: $-2.15 | Capital: $21.00
2026-07-06 16:57:30,830 | INFO | Lote calculado: 0.02 | Capital: $21.00 | Risco: 10.0p + 1.3p = 11.3p | Risco USD: $2.10
2026-07-06 16:57:30,831 | WARNING | Perda registrada: $2.35 | Perdas hoje: 2/100
2026-07-06 16:57:30,831 | INFO | [2023-01-03 01:55] FECHAMENTO | Stop-loss atingido @ 1.10155 | Pips: -11.7 | P&L: $-2.35 | Capital: $18.65
2026-07-06 16:57:30,831 | INFO | Lote calculado: 0.02 | Capital: $18.65 | Risco: 10.0p + 1.3p = 11.3p | Risco USD: $1.86
2026-07-06 16:57:30,832 | WARNING | Perda registrada: $2.47 | Perdas hoje: 3/100
2026-07-06 16:57:30,832 | INFO | [2023-01-03 02:40] FECHAMENTO | Stop-loss atingido @ 1.10051 | Pips: -12.3 | P&L: $-2.47 | Capital: $16.18
2026-07-06 16:57:30,832 | INFO | Lote calculado: 0.01 | Capital: $16.18 | Risco: 10.0p + 1.3p = 11.3p | Risco USD: $1.62
2026-07-06 16:57:30,835 | WARNING | Perda registrada: $1.11 | Perdas hoje: 4/100
2026-07-06 16:57:30,835 | INFO | [2023-01-03 06:20] FECHAMENTO | Stop-loss atingido @ 1.10143 | Pips: -11.1 | P&L: $-1.11 | Capital: $15.07
2026-07-06 16:57:30,835 | INFO | Lote calculado: 0.01 | Capital: $15.07 | Risco: 10.0p + 1.3p = 11.3p | Risco USD: $1.51
2026-07-06 16:57:30,836 | WARNING | Perda registrada: $1.12 | Perdas hoje: 5/100
2026-07-06 16:57:30,836 | INFO | [2023-01-03 07:50] FECHAMENTO | Stop-loss atingido @ 1.10050 | Pips: -11.2 | P&L: $-1.12 | Capital: $13.95
2026-07-06 16:57:30,837 | INFO | Lote calculado: 0.01 | Capital: $13.95 | Risco: 10.0p + 1.3p = 11.3p | Risco USD: $1.40
2026-07-06 16:57:30,837 | WARNING | Perda registrada: $1.29 | Perdas hoje: 6/100
2026-07-06 16:57:30,837 | INFO | [2023-01-03 08:50] FECHAMENTO | Stop-loss atingido @ 1.10160 | Pips: -12.9 | P&L: $-1.29 | Capital: $12.66
2026-07-06 16:57:30,838 | INFO | Lote calculado: 0.01 | Capital: $12.66 | Risco: 10.0p + 1.3p = 11.3p | Risco USD: $1.27
2026-07-06 16:57:30,839 | INFO | Lucro registrado: $1.44
2026-07-06 16:57:30,839 | INFO | [2023-01-03 10:00] FECHAMENTO | Take-profit atingido @ 1.10323 | Pips: +14.4 | P&L: +$1.44 | Capital: $14.10
2026-07-06 16:57:30,839 | INFO | Lote calculado: 0.01 | Capital: $14.10 | Risco: 10.0p + 1.3p = 11.3p | Risco USD: $1.41
2026-07-06 16:57:30,840 | WARNING | Perda registrada: $1.14 | Perdas hoje: 7/100
2026-07-06 16:57:30,841 | INFO | [2023-01-03 12:00] FECHAMENTO | Stop-loss atingido @ 1.10228 | Pips: -11.4 | P&L: $-1.14 | Capital: $12.96
2026-07-06 16:57:30,841 | INFO | Lote calculado: 0.01 | Capital: $12.96 | Risco: 10.0p + 1.3p = 11.3p | Risco USD: $1.30
2026-07-06 16:57:30,841 | WARNING | Perda registrada: $1.14 | Perdas hoje: 8/100
2026-07-06 16:57:30,841 | INFO | [2023-01-03 12:30] FECHAMENTO | Stop-loss atingido @ 1.10323 | Pips: -11.4 | P&L: $-1.14 | Capital: $11.82
2026-07-06 16:57:30,841 | INFO | Lote calculado: 0.01 | Capital: $11.82 | Risco: 10.0p + 1.3p = 11.3p | Risco USD: $1.18
2026-07-06 16:57:30,843 | INFO | Lucro registrado: $1.51
2026-07-06 16:57:30,843 | INFO | [2023-01-03 14:15] FECHAMENTO | Take-profit atingido @ 1.10493 | Pips: +15.1 | P&L: +$1.51 | Capital: $13.33
2026-07-06 16:57:30,843 | INFO | Lote calculado: 0.01 | Capital: $13.33 | Risco: 10.0p + 1.3p = 11.3p | Risco USD: $1.33
2026-07-06 16:57:30,844 | WARNING | Perda registrada: $1.16 | Perdas hoje: 9/100
2026-07-06 16:57:30,844 | INFO | [2023-01-03 15:05] FECHAMENTO | Stop-loss atingido @ 1.10396 | Pips: -11.6 | P&L: $-1.16 | Capital: $12.17
2026-07-06 16:57:30,844 | INFO | Lote calculado: 0.01 | Capital: $12.17 | Risco: 10.0p + 1.3p = 11.3p | Risco USD: $1.22
2026-07-06 16:57:30,851 | WARNING | Perda registrada: $1.18 | Perdas hoje: 10/100
2026-07-06 16:57:30,851 | INFO | [2023-01-03 23:50] FECHAMENTO | Stop-loss atingido @ 1.10495 | Pips: -11.8 | P&L: $-1.18 | Capital: $10.99
2026-07-06 16:57:30,851 | INFO | Lote calculado: 0.01 | Capital: $10.99 | Risco: 10.0p + 1.3p = 11.3p | Risco USD: $1.10
2026-07-06 16:57:30,851 | INFO | Novo dia (2023-01-04). Resetando contadores de risco diário.
2026-07-06 16:57:30,852 | WARNING | Perda registrada: $1.10 | Perdas hoje: 1/100
2026-07-06 16:57:30,852 | INFO | [2023-01-04 00:35] FECHAMENTO | Stop-loss atingido @ 1.10405 | Pips: -11.0 | P&L: $-1.10 | Capital: $9.89
2026-07-06 16:57:30,852 | INFO | Lote calculado: 0.01 | Capital: $9.89 | Risco: 10.0p + 1.3p = 11.3p | Risco USD: $0.99
2026-07-06 16:57:30,854 | WARNING | Perda registrada: $1.11 | Perdas hoje: 2/100
2026-07-06 16:57:30,854 | INFO | [2023-01-04 02:50] FECHAMENTO | Stop-loss atingido @ 1.10497 | Pips: -11.1 | P&L: $-1.11 | Capital: $8.78
2026-07-06 16:57:30,854 | INFO | Lote calculado: 0.01 | Capital: $8.78 | Risco: 10.0p + 1.3p = 11.3p | Risco USD: $0.88
2026-07-06 16:57:30,855 | WARNING | Perda registrada: $1.21 | Perdas hoje: 3/100
2026-07-06 16:57:30,855 | INFO | [2023-01-04 04:05] FECHAMENTO | Stop-loss atingido @ 1.10395 | Pips: -12.1 | P&L: $-1.21 | Capital: $7.57
2026-07-06 16:57:30,855 | INFO | Lote calculado: 0.01 | Capital: $7.57 | Risco: 10.0p + 1.3p = 11.3p | Risco USD: $0.76
2026-07-06 16:57:30,856 | WARNING | Perda registrada: $1.10 | Perdas hoje: 4/100
2026-07-06 16:57:30,856 | INFO | [2023-01-04 05:05] FECHAMENTO | Stop-loss atingido @ 1.10485 | Pips: -11.0 | P&L: $-1.10 | Capital: $6.47
2026-07-06 16:57:30,856 | INFO | Lote calculado: 0.01 | Capital: $6.47 | Risco: 10.0p + 1.3p = 11.3p | Risco USD: $0.65
2026-07-06 16:57:30,857 | WARNING | Perda registrada: $1.08 | Perdas hoje: 5/100
2026-07-06 16:57:30,857 | INFO | [2023-01-04 05:35] FECHAMENTO | Stop-loss atingido @ 1.10397 | Pips: -10.8 | P&L: $-1.08 | Capital: $5.39
2026-07-06 16:57:30,857 | INFO | Lote calculado: 0.01 | Capital: $5.39 | Risco: 10.0p + 1.3p = 11.3p | Risco USD: $0.54
2026-07-06 16:57:30,864 | INFO | Lucro registrado: $1.50
2026-07-06 16:57:30,864 | INFO | [2023-01-04 14:30] FECHAMENTO | Take-profit atingido @ 1.10228 | Pips: +15.0 | P&L: +$1.50 | Capital: $6.89
2026-07-06 16:57:30,864 | INFO | Lote calculado: 0.01 | Capital: $6.89 | Risco: 10.0p + 1.3p = 11.3p | Risco USD: $0.69
2026-07-06 16:57:30,865 | WARNING | Perda registrada: $1.10 | Perdas hoje: 6/100
2026-07-06 16:57:30,865 | INFO | [2023-01-04 15:50] FECHAMENTO | Stop-loss atingido @ 1.10319 | Pips: -11.0 | P&L: $-1.10 | Capital: $5.79
2026-07-06 16:57:30,865 | INFO | Lote calculado: 0.01 | Capital: $5.79 | Risco: 10.0p + 1.3p = 11.3p | Risco USD: $0.58
2026-07-06 16:57:30,866 | WARNING | Perda registrada: $1.18 | Perdas hoje: 7/100
2026-07-06 16:57:30,866 | INFO | [2023-01-04 17:00] FECHAMENTO | Stop-loss atingido @ 1.10220 | Pips: -11.8 | P&L: $-1.18 | Capital: $4.61
2026-07-06 16:57:30,866 | INFO | Lote calculado: 0.01 | Capital: $4.61 | Risco: 10.0p + 1.3p = 11.3p | Risco USD: $0.46
2026-07-06 16:57:30,868 | INFO | Lucro registrado: $1.48
2026-07-06 16:57:30,868 | INFO | [2023-01-04 19:15] FECHAMENTO | Take-profit atingido @ 1.10053 | Pips: +14.8 | P&L: +$1.48 | Capital: $6.09
2026-07-06 16:57:30,868 | INFO | Lote calculado: 0.01 | Capital: $6.09 | Risco: 10.0p + 1.3p = 11.3p | Risco USD: $0.61
2026-07-06 16:57:30,870 | WARNING | Perda registrada: $1.30 | Perdas hoje: 8/100
2026-07-06 16:57:30,870 | INFO | [2023-01-04 21:55] FECHAMENTO | Stop-loss atingido @ 1.10163 | Pips: -13.0 | P&L: $-1.30 | Capital: $4.79
2026-07-06 16:57:30,870 | INFO | Lote calculado: 0.01 | Capital: $4.79 | Risco: 10.0p + 1.3p = 11.3p | Risco USD: $0.48
2026-07-06 16:57:30,872 | INFO | Lucro registrado: $1.64
2026-07-06 16:57:30,872 | INFO | [2023-01-04 23:25] FECHAMENTO | Take-profit atingido @ 1.10347 | Pips: +16.4 | P&L: +$1.64 | Capital: $6.43
2026-07-06 16:57:30,872 | INFO | Lote calculado: 0.01 | Capital: $6.43 | Risco: 10.0p + 1.3p = 11.3p | Risco USD: $0.64
2026-07-06 16:57:30,872 | INFO | Novo dia (2023-01-05). Resetando contadores de risco diário.
2026-07-06 16:57:30,875 | WARNING | Perda registrada: $1.18 | Perdas hoje: 1/100
2026-07-06 16:57:30,875 | INFO | [2023-01-05 03:40] FECHAMENTO | Stop-loss atingido @ 1.10248 | Pips: -11.8 | P&L: $-1.18 | Capital: $5.25
2026-07-06 16:57:30,876 | INFO | Lote calculado: 0.01 | Capital: $5.25 | Risco: 10.0p + 1.3p = 11.3p | Risco USD: $0.53
2026-07-06 16:57:30,877 | WARNING | Perda registrada: $1.18 | Perdas hoje: 2/100
2026-07-06 16:57:30,877 | INFO | [2023-01-05 05:10] FECHAMENTO | Stop-loss atingido @ 1.10347 | Pips: -11.8 | P&L: $-1.18 | Capital: $4.07
2026-07-06 16:57:30,877 | INFO | Lote calculado: 0.01 | Capital: $4.07 | Risco: 10.0p + 1.3p = 11.3p | Risco USD: $0.41
2026-07-06 16:57:30,880 | WARNING | Perda registrada: $1.15 | Perdas hoje: 3/100
2026-07-06 16:57:30,880 | INFO | [2023-01-05 08:40] FECHAMENTO | Stop-loss atingido @ 1.10251 | Pips: -11.5 | P&L: $-1.15 | Capital: $2.92
2026-07-06 16:57:30,880 | INFO | Lote calculado: 0.01 | Capital: $2.92 | Risco: 10.0p + 1.3p = 11.3p | Risco USD: $0.29
2026-07-06 16:57:30,884 | WARNING | Perda registrada: $1.12 | Perdas hoje: 4/100
2026-07-06 16:57:30,884 | INFO | [2023-01-05 12:55] FECHAMENTO | Stop-loss atingido @ 1.10344 | Pips: -11.2 | P&L: $-1.12 | Capital: $1.80
2026-07-06 16:57:30,924 | INFO | Lote calculado: 0.01 | Capital: $1.80 | Risco: 10.0p + 1.3p = 11.3p | Risco USD: $0.18
2026-07-06 16:57:30,925 | WARNING | Perda registrada: $1.14 | Perdas hoje: 5/100
2026-07-06 16:57:30,925 | INFO | [2023-01-05 14:30] FECHAMENTO | Stop-loss atingido @ 1.10249 | Pips: -11.4 | P&L: $-1.14 | Capital: $0.66
2026-07-06 16:57:30,925 | INFO | Lote calculado: 0.01 | Capital: $0.66 | Risco: 10.0p + 1.3p = 11.3p | Risco USD: $0.07
2026-07-06 16:57:30,926 | WARNING | Perda registrada: $1.40 | Perdas hoje: 6/100
2026-07-06 16:57:30,926 | INFO | [2023-01-05 15:00] FECHAMENTO | Stop-loss atingido @ 1.10369 | Pips: -14.0 | P&L: $-1.40 | Capital: $-0.74
2026-07-06 16:57:30,933 | INFO | Novo dia (2023-01-06). Resetando contadores de risco diário.
2026-07-06 16:57:30,994 | INFO | Novo dia (2023-01-07). Resetando contadores de risco diário.
2026-07-06 16:57:31,013 | INFO | Novo dia (2023-01-08). Resetando contadores de risco diário.
2026-07-06 16:57:31,031 | INFO | Novo dia (2023-01-09). Resetando contadores de risco diário.
2026-07-06 16:57:31,049 | INFO | Novo dia (2023-01-10). Resetando contadores de risco diário.
2026-07-06 16:57:31,067 | INFO | Novo dia (2023-01-11). Resetando contadores de risco diário.
2026-07-06 16:57:31,086 | INFO | Novo dia (2023-01-12). Resetando contadores de risco diário.
2026-07-06 16:57:31,106 | INFO | Novo dia (2023-01-13). Resetando contadores de risco diário.
2026-07-06 16:57:31,124 | INFO | Novo dia (2023-01-14). Resetando contadores de risco diário.
2026-07-06 16:57:31,142 | INFO | Novo dia (2023-01-15). Resetando contadores de risco diário.
2026-07-06 16:57:31,161 | INFO | Novo dia (2023-01-16). Resetando contadores de risco diário.
2026-07-06 16:57:31,179 | INFO | Novo dia (2023-01-17). Resetando contadores de risco diário.
2026-07-06 16:57:31,197 | INFO | Novo dia (2023-01-18). Resetando contadores de risco diário.
2026-07-06 16:57:31,215 | INFO | Novo dia (2023-01-19). Resetando contadores de risco diário.
2026-07-06 16:57:31,234 | INFO | Novo dia (2023-01-20). Resetando contadores de risco diário.
2026-07-06 16:57:31,276 | INFO | Novo dia (2023-01-21). Resetando contadores de risco diário.
2026-07-06 16:57:31,295 | INFO | Novo dia (2023-01-22). Resetando contadores de risco diário.
2026-07-06 16:57:31,313 | INFO | Novo dia (2023-01-23). Resetando contadores de risco diário.
2026-07-06 16:57:31,332 | INFO | Novo dia (2023-01-24). Resetando contadores de risco diário.
2026-07-06 16:57:31,350 | INFO | Novo dia (2023-01-25). Resetando contadores de risco diário.
2026-07-06 16:57:31,368 | INFO | Novo dia (2023-01-26). Resetando contadores de risco diário.
2026-07-06 16:57:31,387 | INFO | Novo dia (2023-01-27). Resetando contadores de risco diário.
2026-07-06 16:57:31,406 | INFO | Novo dia (2023-01-28). Resetando contadores de risco diário.
2026-07-06 16:57:31,425 | INFO | Novo dia (2023-01-29). Resetando contadores de risco diário.
2026-07-06 16:57:31,445 | INFO | Novo dia (2023-01-30). Resetando contadores de risco diário.
2026-07-06 16:57:31,463 | INFO | Novo dia (2023-01-31). Resetando contadores de risco diário.
2026-07-06 16:57:31,481 | INFO | Novo dia (2023-02-01). Resetando contadores de risco diário.
2026-07-06 16:57:31,487 | INFO | [DIAGNÓSTICO RSI_REV] Candles: 7710 → sessão: 7710 → risco ok: 30 → RSI(3)<25.0/75.0: 30 → sem tendência: 30 → trades: 30
2026-07-06 16:57:31,487 | INFO | Backtest concluído | Trades: 30 | Capital final: $-0.74
2026-07-06 16:57:31,488 | INFO | =======================================================
2026-07-06 16:57:31,488 | INFO |            RELATÓRIO DE BACKTEST — BOT RAFI
2026-07-06 16:57:31,488 | INFO | =======================================================
2026-07-06 16:57:31,488 | INFO |   Total de trades  : 30
2026-07-06 16:57:31,488 | INFO |   Ganhos / Perdas  : 6 / 24
2026-07-06 16:57:31,488 | INFO |   Win Rate         : 20.0%
2026-07-06 16:57:31,488 | INFO |   Profit Factor    : 0.341
2026-07-06 16:57:31,488 | INFO |   Expectativa/trade: $-0.69
2026-07-06 16:57:31,488 | INFO |   Retorno total    : $-20.74 (-103.7%)
2026-07-06 16:57:31,488 | INFO |   Capital inicial  : $20.00
2026-07-06 16:57:31,488 | INFO |   Capital final    : $-0.74
2026-07-06 16:57:31,488 | INFO |   Drawdown máximo  : $23.89 (103.2%)
2026-07-06 16:57:31,488 | INFO |   Sharpe Ratio     : -7.301
2026-07-06 16:57:31,488 | INFO |   Duração média    : 134 min
2026-07-06 16:57:31,489 | INFO | =======================================================
2026-07-06 16:57:31,489 | WARNING |   ⚠ Win rate abaixo da meta (55%): 20.0%
2026-07-06 16:57:31,489 | WARNING |   ⚠ Profit factor abaixo da meta (1.5): 0.341
2026-07-06 16:57:31,489 | WARNING |   ⚠ Drawdown alto: 103.2%
2026-07-06 16:57:31,489 | INFO |   Resultados por mês:
2026-07-06 16:57:31,489 | INFO |     2023-01: $-20.74
2026-07-06 16:57:31,489 | INFO | =======================================================
2026-07-06 16:57:31,489 | WARNING | ✘ Metas de Fase 1A não atingidas — revisar parâmetros
2026-07-06 17:08:50,390 | INFO | === Bot RAFI — Iniciando backtest ===
2026-07-06 17:08:50,390 | WARNING | Arquivo CSV não fornecido. Usando dados SINTÉTICOS (apenas para teste de código).
2026-07-06 17:08:50,429 | INFO | Pré-calculando indicadores (RAFI, MA20/50 M5, S/R)...
2026-07-06 17:08:50,453 | INFO | Sessões ativas: ['00:00–23:59']
2026-07-06 17:08:50,453 | INFO | Iniciando backtest | Período: 2023-01-02 07:00:00+00:00 → 2023-02-01 06:55:00+00:00 | Candles M5: 8640 | Capital: $100.00 | Max simultâneos: 1
2026-07-06 17:08:50,453 | INFO | Novo dia (2023-01-02). Resetando contadores de risco diário.
2026-07-06 17:08:50,455 | INFO | Lote calculado: 0.09 | Capital: $100.00 | Risco: 10.0p + 1.3p = 11.3p | Risco USD: $10.00
2026-07-06 17:08:50,457 | INFO | Lucro registrado: $14.09
2026-07-06 17:08:50,457 | INFO | [2023-01-02 22:50] FECHAMENTO | Take-profit atingido @ 1.10098 | Pips: +15.7 | P&L: +$14.09 | Capital: $114.09
2026-07-06 17:08:50,458 | INFO | Lote calculado: 0.1 | Capital: $114.09 | Risco: 10.0p + 1.3p = 11.3p | Risco USD: $11.41
2026-07-06 17:08:50,458 | INFO | Novo dia (2023-01-03). Resetando contadores de risco diário.
2026-07-06 17:08:50,461 | INFO | Lucro registrado: $14.75
2026-07-06 17:08:50,461 | INFO | [2023-01-03 03:10] FECHAMENTO | Take-profit atingido @ 1.09959 | Pips: +14.7 | P&L: +$14.75 | Capital: $128.84
2026-07-06 17:08:50,461 | INFO | Lote calculado: 0.11 | Capital: $128.84 | Risco: 10.0p + 1.3p = 11.3p | Risco USD: $12.88
2026-07-06 17:08:50,463 | INFO | Lucro registrado: $16.22
2026-07-06 17:08:50,463 | INFO | [2023-01-03 05:50] FECHAMENTO | Take-profit atingido @ 1.10126 | Pips: +14.7 | P&L: +$16.22 | Capital: $145.06
2026-07-06 17:08:50,463 | INFO | Lote calculado: 0.13 | Capital: $145.06 | Risco: 10.0p + 1.3p = 11.3p | Risco USD: $14.51
2026-07-06 17:08:50,466 | WARNING | Perda registrada: $14.88 | Perdas hoje: 1/100
2026-07-06 17:08:50,466 | INFO | [2023-01-03 09:05] FECHAMENTO | Stop-loss atingido @ 1.10221 | Pips: -11.4 | P&L: $-14.88 | Capital: $130.18
2026-07-06 17:08:50,466 | INFO | Lote calculado: 0.12 | Capital: $130.18 | Risco: 10.0p + 1.3p = 11.3p | Risco USD: $13.02
2026-07-06 17:08:50,467 | WARNING | Perda registrada: $14.58 | Perdas hoje: 2/100
2026-07-06 17:08:50,467 | INFO | [2023-01-03 10:00] FECHAMENTO | Stop-loss atingido @ 1.10323 | Pips: -12.1 | P&L: $-14.58 | Capital: $115.60
2026-07-06 17:08:50,467 | INFO | Lote calculado: 0.1 | Capital: $115.60 | Risco: 10.0p + 1.3p = 11.3p | Risco USD: $11.56
2026-07-06 17:08:50,470 | WARNING | Perda registrada: $12.35 | Perdas hoje: 3/100
2026-07-06 17:08:50,470 | INFO | [2023-01-03 14:05] FECHAMENTO | Stop-loss atingido @ 1.10427 | Pips: -12.4 | P&L: $-12.35 | Capital: $103.25
2026-07-06 17:08:50,470 | INFO | Lote calculado: 0.09 | Capital: $103.25 | Risco: 10.0p + 1.3p = 11.3p | Risco USD: $10.33
2026-07-06 17:08:50,475 | INFO | Lucro registrado: $14.00
2026-07-06 17:08:50,475 | INFO | [2023-01-03 19:25] FECHAMENTO | Take-profit atingido @ 1.10252 | Pips: +15.6 | P&L: +$14.00 | Capital: $117.25
2026-07-06 17:08:50,475 | INFO | Lote calculado: 0.1 | Capital: $117.25 | Risco: 10.0p + 1.3p = 11.3p | Risco USD: $11.73
2026-07-06 17:08:50,476 | INFO | Lucro registrado: $14.95
2026-07-06 17:08:50,476 | INFO | [2023-01-03 20:45] FECHAMENTO | Take-profit atingido @ 1.10408 | Pips: +15.0 | P&L: +$14.95 | Capital: $132.20
2026-07-06 17:08:50,476 | INFO | Lote calculado: 0.12 | Capital: $132.20 | Risco: 10.0p + 1.3p = 11.3p | Risco USD: $13.22
2026-07-06 17:08:50,479 | WARNING | Perda registrada: $12.78 | Perdas hoje: 4/100
2026-07-06 17:08:50,479 | INFO | [2023-01-03 23:50] FECHAMENTO | Stop-loss atingido @ 1.10495 | Pips: -10.7 | P&L: $-12.78 | Capital: $119.42
2026-07-06 17:08:50,479 | INFO | Novo dia (2023-01-04). Resetando contadores de risco diário.
2026-07-06 17:08:50,480 | INFO | Lote calculado: 0.11 | Capital: $119.42 | Risco: 10.0p + 1.3p = 11.3p | Risco USD: $11.94
2026-07-06 17:08:50,486 | WARNING | Perda registrada: $12.15 | Perdas hoje: 1/100
2026-07-06 17:08:50,486 | INFO | [2023-01-04 08:55] FECHAMENTO | Stop-loss atingido @ 1.10314 | Pips: -11.0 | P&L: $-12.15 | Capital: $107.27
2026-07-06 17:08:50,489 | INFO | Lote calculado: 0.09 | Capital: $107.27 | Risco: 10.0p + 1.3p = 11.3p | Risco USD: $10.73
2026-07-06 17:08:50,492 | WARNING | Perda registrada: $9.86 | Perdas hoje: 2/100
2026-07-06 17:08:50,492 | INFO | [2023-01-04 15:05] FECHAMENTO | Stop-loss atingido @ 1.10157 | Pips: -11.0 | P&L: $-9.86 | Capital: $97.41
2026-07-06 17:08:50,492 | INFO | Lote calculado: 0.09 | Capital: $97.41 | Risco: 10.0p + 1.3p = 11.3p | Risco USD: $9.74
2026-07-06 17:08:50,493 | WARNING | Perda registrada: $10.13 | Perdas hoje: 3/100
2026-07-06 17:08:50,493 | INFO | [2023-01-04 16:40] FECHAMENTO | Stop-loss atingido @ 1.10352 | Pips: -11.3 | P&L: $-10.13 | Capital: $87.28
2026-07-06 17:08:50,494 | INFO | Lote calculado: 0.08 | Capital: $87.28 | Risco: 10.0p + 1.3p = 11.3p | Risco USD: $8.73
2026-07-06 17:08:50,495 | WARNING | Perda registrada: $9.48 | Perdas hoje: 4/100
2026-07-06 17:08:50,495 | INFO | [2023-01-04 18:40] FECHAMENTO | Stop-loss atingido @ 1.10121 | Pips: -11.8 | P&L: $-9.48 | Capital: $77.80
2026-07-06 17:08:50,495 | INFO | Lote calculado: 0.07 | Capital: $77.80 | Risco: 10.0p + 1.3p = 11.3p | Risco USD: $7.78
2026-07-06 17:08:50,496 | WARNING | Perda registrada: $7.45 | Perdas hoje: 5/100
2026-07-06 17:08:50,496 | INFO | [2023-01-04 19:20] FECHAMENTO | Stop-loss atingido @ 1.10034 | Pips: -10.6 | P&L: $-7.45 | Capital: $70.35
2026-07-06 17:08:50,497 | INFO | Lote calculado: 0.06 | Capital: $70.35 | Risco: 10.0p + 1.3p = 11.3p | Risco USD: $7.04
2026-07-06 17:08:50,498 | WARNING | Perda registrada: $6.69 | Perdas hoje: 6/100
2026-07-06 17:08:50,498 | INFO | [2023-01-04 22:15] FECHAMENTO | Stop-loss atingido @ 1.10190 | Pips: -11.1 | P&L: $-6.69 | Capital: $63.66
2026-07-06 17:08:50,499 | INFO | Lote calculado: 0.06 | Capital: $63.66 | Risco: 10.0p + 1.3p = 11.3p | Risco USD: $6.37
2026-07-06 17:08:50,499 | WARNING | Perda registrada: $6.69 | Perdas hoje: 7/100
2026-07-06 17:08:50,500 | INFO | [2023-01-04 23:15] FECHAMENTO | Stop-loss atingido @ 1.10310 | Pips: -11.1 | P&L: $-6.69 | Capital: $56.97
2026-07-06 17:08:50,500 | INFO | Lote calculado: 0.05 | Capital: $56.97 | Risco: 10.0p + 1.3p = 11.3p | Risco USD: $5.70
2026-07-06 17:08:50,500 | INFO | Novo dia (2023-01-05). Resetando contadores de risco diário.
2026-07-06 17:08:50,505 | WARNING | Perda registrada: $6.18 | Perdas hoje: 1/100
2026-07-06 17:08:50,505 | INFO | [2023-01-05 05:35] FECHAMENTO | Stop-loss atingido @ 1.10451 | Pips: -12.4 | P&L: $-6.18 | Capital: $50.79
2026-07-06 17:08:50,505 | INFO | Lote calculado: 0.04 | Capital: $50.79 | Risco: 10.0p + 1.3p = 11.3p | Risco USD: $5.08
2026-07-06 17:08:50,507 | INFO | Lucro registrado: $6.30
2026-07-06 17:08:50,507 | INFO | [2023-01-05 08:35] FECHAMENTO | Take-profit atingido @ 1.10274 | Pips: +15.8 | P&L: +$6.30 | Capital: $57.09
2026-07-06 17:08:50,508 | INFO | Lote calculado: 0.05 | Capital: $57.09 | Risco: 10.0p + 1.3p = 11.3p | Risco USD: $5.71
2026-07-06 17:08:50,516 | INFO | Lucro registrado: $7.68
2026-07-06 17:08:50,516 | INFO | [2023-01-05 12:55] FECHAMENTO | Take-profit atingido @ 1.10344 | Pips: +15.4 | P&L: +$7.68 | Capital: $64.77
2026-07-06 17:08:50,517 | INFO | Lote calculado: 0.06 | Capital: $64.77 | Risco: 10.0p + 1.3p = 11.3p | Risco USD: $6.48
2026-07-06 17:08:50,517 | WARNING | Perda registrada: $6.57 | Perdas hoje: 2/100
2026-07-06 17:08:50,518 | INFO | [2023-01-05 13:40] FECHAMENTO | Stop-loss atingido @ 1.10434 | Pips: -11.0 | P&L: $-6.57 | Capital: $58.20
2026-07-06 17:08:50,518 | INFO | Lote calculado: 0.05 | Capital: $58.20 | Risco: 10.0p + 1.3p = 11.3p | Risco USD: $5.82
2026-07-06 17:08:50,518 | INFO | Lucro registrado: $7.43
2026-07-06 17:08:50,518 | INFO | [2023-01-05 14:10] FECHAMENTO | Take-profit atingido @ 1.10266 | Pips: +14.9 | P&L: +$7.43 | Capital: $65.63
2026-07-06 17:08:50,518 | INFO | Lote calculado: 0.06 | Capital: $65.63 | Risco: 10.0p + 1.3p = 11.3p | Risco USD: $6.56
2026-07-06 17:08:50,522 | INFO | Lucro registrado: $9.03
2026-07-06 17:08:50,522 | INFO | [2023-01-05 18:00] FECHAMENTO | Take-profit atingido @ 1.10436 | Pips: +15.1 | P&L: +$9.03 | Capital: $74.66
2026-07-06 17:08:50,522 | INFO | Lote calculado: 0.07 | Capital: $74.66 | Risco: 10.0p + 1.3p = 11.3p | Risco USD: $7.47
2026-07-06 17:08:50,526 | WARNING | Perda registrada: $8.71 | Perdas hoje: 3/100
2026-07-06 17:08:50,526 | INFO | [2023-01-05 23:25] FECHAMENTO | Stop-loss atingido @ 1.10541 | Pips: -12.4 | P&L: $-8.71 | Capital: $65.95
2026-07-06 17:08:50,526 | INFO | Lote calculado: 0.06 | Capital: $65.95 | Risco: 10.0p + 1.3p = 11.3p | Risco USD: $6.60
2026-07-06 17:08:50,527 | INFO | Novo dia (2023-01-06). Resetando contadores de risco diário.
2026-07-06 17:08:50,529 | WARNING | Perda registrada: $7.05 | Perdas hoje: 1/100
2026-07-06 17:08:50,529 | INFO | [2023-01-06 02:25] FECHAMENTO | Stop-loss atingido @ 1.10639 | Pips: -11.7 | P&L: $-7.05 | Capital: $58.90
2026-07-06 17:08:50,529 | INFO | Lote calculado: 0.05 | Capital: $58.90 | Risco: 10.0p + 1.3p = 11.3p | Risco USD: $5.89
2026-07-06 17:08:50,529 | WARNING | Perda registrada: $5.57 | Perdas hoje: 2/100
2026-07-06 17:08:50,529 | INFO | [2023-01-06 02:45] FECHAMENTO | Stop-loss atingido @ 1.10731 | Pips: -11.1 | P&L: $-5.57 | Capital: $53.33
2026-07-06 17:08:50,529 | INFO | Lote calculado: 0.05 | Capital: $53.33 | Risco: 10.0p + 1.3p = 11.3p | Risco USD: $5.33
2026-07-06 17:08:50,533 | WARNING | Perda registrada: $5.32 | Perdas hoje: 3/100
2026-07-06 17:08:50,533 | INFO | [2023-01-06 07:15] FECHAMENTO | Stop-loss atingido @ 1.10818 | Pips: -10.6 | P&L: $-5.32 | Capital: $48.01
2026-07-06 17:08:50,533 | INFO | Lote calculado: 0.04 | Capital: $48.01 | Risco: 10.0p + 1.3p = 11.3p | Risco USD: $4.80
2026-07-06 17:08:50,534 | INFO | Lucro registrado: $6.14
2026-07-06 17:08:50,534 | INFO | [2023-01-06 08:00] FECHAMENTO | Take-profit atingido @ 1.10680 | Pips: +15.4 | P&L: +$6.14 | Capital: $54.15
2026-07-06 17:08:50,534 | INFO | Lote calculado: 0.05 | Capital: $54.15 | Risco: 10.0p + 1.3p = 11.3p | Risco USD: $5.42
2026-07-06 17:08:50,536 | WARNING | Perda registrada: $5.43 | Perdas hoje: 4/100
2026-07-06 17:08:50,536 | INFO | [2023-01-06 09:45] FECHAMENTO | Stop-loss atingido @ 1.10591 | Pips: -10.9 | P&L: $-5.43 | Capital: $48.72
2026-07-06 17:08:50,536 | INFO | Lote calculado: 0.04 | Capital: $48.72 | Risco: 10.0p + 1.3p = 11.3p | Risco USD: $4.87
2026-07-06 17:08:50,537 | WARNING | Perda registrada: $4.86 | Perdas hoje: 5/100
2026-07-06 17:08:50,537 | INFO | [2023-01-06 10:35] FECHAMENTO | Stop-loss atingido @ 1.10767 | Pips: -12.1 | P&L: $-4.86 | Capital: $43.86
2026-07-06 17:08:50,537 | INFO | Lote calculado: 0.04 | Capital: $43.86 | Risco: 10.0p + 1.3p = 11.3p | Risco USD: $4.39
2026-07-06 17:08:50,538 | INFO | Lucro registrado: $7.06
2026-07-06 17:08:50,538 | INFO | [2023-01-06 12:20] FECHAMENTO | Take-profit atingido @ 1.10571 | Pips: +17.7 | P&L: +$7.06 | Capital: $50.92
2026-07-06 17:08:50,539 | INFO | Lote calculado: 0.05 | Capital: $50.92 | Risco: 10.0p + 1.3p = 11.3p | Risco USD: $5.09
2026-07-06 17:08:50,542 | INFO | Lucro registrado: $8.48
2026-07-06 17:08:50,542 | INFO | [2023-01-06 16:50] FECHAMENTO | Take-profit atingido @ 1.10760 | Pips: +17.0 | P&L: +$8.48 | Capital: $59.40
2026-07-06 17:08:50,543 | INFO | Lote calculado: 0.05 | Capital: $59.40 | Risco: 10.0p + 1.3p = 11.3p | Risco USD: $5.94
2026-07-06 17:08:50,545 | INFO | Lucro registrado: $8.42
2026-07-06 17:08:50,545 | INFO | [2023-01-06 20:00] FECHAMENTO | Take-profit atingido @ 1.10572 | Pips: +16.8 | P&L: +$8.42 | Capital: $67.82
2026-07-06 17:08:50,548 | INFO | Lote calculado: 0.06 | Capital: $67.82 | Risco: 10.0p + 1.3p = 11.3p | Risco USD: $6.78
2026-07-06 17:08:50,548 | WARNING | Perda registrada: $7.05 | Perdas hoje: 6/100
2026-07-06 17:08:50,548 | INFO | [2023-01-06 23:05] FECHAMENTO | Stop-loss atingido @ 1.10697 | Pips: -11.7 | P&L: $-7.05 | Capital: $60.77
2026-07-06 17:08:50,549 | INFO | Novo dia (2023-01-07). Resetando contadores de risco diário.
2026-07-06 17:08:50,551 | INFO | Lote calculado: 0.05 | Capital: $60.77 | Risco: 10.0p + 1.3p = 11.3p | Risco USD: $6.08
2026-07-06 17:08:50,554 | WARNING | Perda registrada: $6.48 | Perdas hoje: 1/100
2026-07-06 17:08:50,554 | INFO | [2023-01-07 05:05] FECHAMENTO | Stop-loss atingido @ 1.10925 | Pips: -13.0 | P&L: $-6.48 | Capital: $54.29
2026-07-06 17:08:50,554 | INFO | Lote calculado: 0.05 | Capital: $54.29 | Risco: 10.0p + 1.3p = 11.3p | Risco USD: $5.43
2026-07-06 17:08:50,555 | WARNING | Perda registrada: $5.72 | Perdas hoje: 2/100
2026-07-06 17:08:50,555 | INFO | [2023-01-07 06:05] FECHAMENTO | Stop-loss atingido @ 1.11044 | Pips: -11.4 | P&L: $-5.72 | Capital: $48.57
2026-07-06 17:08:50,555 | INFO | Lote calculado: 0.04 | Capital: $48.57 | Risco: 10.0p + 1.3p = 11.3p | Risco USD: $4.86
2026-07-06 17:08:50,556 | INFO | Lucro registrado: $6.10
2026-07-06 17:08:50,556 | INFO | [2023-01-07 06:50] FECHAMENTO | Take-profit atingido @ 1.10872 | Pips: +15.3 | P&L: +$6.10 | Capital: $54.67
2026-07-06 17:08:50,556 | INFO | Lote calculado: 0.05 | Capital: $54.67 | Risco: 10.0p + 1.3p = 11.3p | Risco USD: $5.47
2026-07-06 17:08:50,558 | INFO | Lucro registrado: $8.13
2026-07-06 17:08:50,558 | INFO | [2023-01-07 08:20] FECHAMENTO | Take-profit atingido @ 1.11054 | Pips: +16.3 | P&L: +$8.13 | Capital: $62.80
2026-07-06 17:08:50,558 | INFO | Lote calculado: 0.06 | Capital: $62.80 | Risco: 10.0p + 1.3p = 11.3p | Risco USD: $6.28
2026-07-06 17:08:50,562 | INFO | Lucro registrado: $11.43
2026-07-06 17:08:50,562 | INFO | [2023-01-07 13:45] FECHAMENTO | Take-profit atingido @ 1.10844 | Pips: +19.1 | P&L: +$11.43 | Capital: $74.23
2026-07-06 17:08:50,563 | INFO | Lote calculado: 0.07 | Capital: $74.23 | Risco: 10.0p + 1.3p = 11.3p | Risco USD: $7.42
2026-07-06 17:08:50,566 | WARNING | Perda registrada: $7.95 | Perdas hoje: 3/100
2026-07-06 17:08:50,566 | INFO | [2023-01-07 17:20] FECHAMENTO | Stop-loss atingido @ 1.10750 | Pips: -11.4 | P&L: $-7.95 | Capital: $66.28
2026-07-06 17:08:50,566 | INFO | Lote calculado: 0.06 | Capital: $66.28 | Risco: 10.0p + 1.3p = 11.3p | Risco USD: $6.63
2026-07-06 17:08:50,567 | WARNING | Perda registrada: $7.17 | Perdas hoje: 4/100
2026-07-06 17:08:50,567 | INFO | [2023-01-07 18:15] FECHAMENTO | Stop-loss atingido @ 1.10650 | Pips: -11.9 | P&L: $-7.17 | Capital: $59.11
2026-07-06 17:08:50,567 | INFO | Lote calculado: 0.05 | Capital: $59.11 | Risco: 10.0p + 1.3p = 11.3p | Risco USD: $5.91
2026-07-06 17:08:50,568 | WARNING | Perda registrada: $6.68 | Perdas hoje: 5/100
2026-07-06 17:08:50,568 | INFO | [2023-01-07 19:30] FECHAMENTO | Stop-loss atingido @ 1.10536 | Pips: -13.4 | P&L: $-6.68 | Capital: $52.43
2026-07-06 17:08:50,569 | INFO | Lote calculado: 0.05 | Capital: $52.43 | Risco: 10.0p + 1.3p = 11.3p | Risco USD: $5.24
2026-07-06 17:08:50,571 | INFO | Lucro registrado: $7.68
2026-07-06 17:08:50,571 | INFO | [2023-01-07 22:15] FECHAMENTO | Take-profit atingido @ 1.10679 | Pips: +15.4 | P&L: +$7.68 | Capital: $60.11
2026-07-06 17:08:50,571 | INFO | Lote calculado: 0.05 | Capital: $60.11 | Risco: 10.0p + 1.3p = 11.3p | Risco USD: $6.01
2026-07-06 17:08:50,572 | INFO | Novo dia (2023-01-08). Resetando contadores de risco diário.
2026-07-06 17:08:50,576 | INFO | Lucro registrado: $7.62
2026-07-06 17:08:50,576 | INFO | [2023-01-08 04:45] FECHAMENTO | Take-profit atingido @ 1.10507 | Pips: +15.2 | P&L: +$7.62 | Capital: $67.73
2026-07-06 17:08:50,578 | INFO | Lote calculado: 0.06 | Capital: $67.73 | Risco: 10.0p + 1.3p = 11.3p | Risco USD: $6.77
2026-07-06 17:08:50,583 | WARNING | Perda registrada: $6.39 | Perdas hoje: 1/100
2026-07-06 17:08:50,583 | INFO | [2023-01-08 12:55] FECHAMENTO | Stop-loss atingido @ 1.10335 | Pips: -10.6 | P&L: $-6.39 | Capital: $61.34
2026-07-06 17:08:50,583 | INFO | Lote calculado: 0.05 | Capital: $61.34 | Risco: 10.0p + 1.3p = 11.3p | Risco USD: $6.13
2026-07-06 17:08:50,584 | WARNING | Perda registrada: $5.37 | Perdas hoje: 2/100
2026-07-06 17:08:50,584 | INFO | [2023-01-08 13:55] FECHAMENTO | Stop-loss atingido @ 1.10247 | Pips: -10.7 | P&L: $-5.37 | Capital: $55.97
2026-07-06 17:08:50,586 | INFO | Lote calculado: 0.05 | Capital: $55.97 | Risco: 10.0p + 1.3p = 11.3p | Risco USD: $5.60
2026-07-06 17:08:50,589 | WARNING | Perda registrada: $6.72 | Perdas hoje: 3/100
2026-07-06 17:08:50,590 | INFO | [2023-01-08 21:00] FECHAMENTO | Stop-loss atingido @ 1.10174 | Pips: -13.4 | P&L: $-6.72 | Capital: $49.25
2026-07-06 17:08:50,590 | INFO | Lote calculado: 0.04 | Capital: $49.25 | Risco: 10.0p + 1.3p = 11.3p | Risco USD: $4.93
2026-07-06 17:08:50,591 | WARNING | Perda registrada: $4.30 | Perdas hoje: 4/100
2026-07-06 17:08:50,591 | INFO | [2023-01-08 22:35] FECHAMENTO | Stop-loss atingido @ 1.10086 | Pips: -10.7 | P&L: $-4.30 | Capital: $44.95
2026-07-06 17:08:50,592 | INFO | Novo dia (2023-01-09). Resetando contadores de risco diário.
2026-07-06 17:08:50,593 | INFO | Lote calculado: 0.04 | Capital: $44.95 | Risco: 10.0p + 1.3p = 11.3p | Risco USD: $4.50
2026-07-06 17:08:50,593 | WARNING | Perda registrada: $5.38 | Perdas hoje: 1/100
2026-07-06 17:08:50,594 | INFO | [2023-01-09 01:05] FECHAMENTO | Stop-loss atingido @ 1.09803 | Pips: -13.4 | P&L: $-5.38 | Capital: $39.57
2026-07-06 17:08:50,594 | INFO | Lote calculado: 0.04 | Capital: $39.57 | Risco: 10.0p + 1.3p = 11.3p | Risco USD: $3.96
2026-07-06 17:08:50,595 | WARNING | Perda registrada: $4.26 | Perdas hoje: 2/100
2026-07-06 17:08:50,595 | INFO | [2023-01-09 02:15] FECHAMENTO | Stop-loss atingido @ 1.09716 | Pips: -10.7 | P&L: $-4.26 | Capital: $35.31
2026-07-06 17:08:50,595 | INFO | Lote calculado: 0.03 | Capital: $35.31 | Risco: 10.0p + 1.3p = 11.3p | Risco USD: $3.53
2026-07-06 17:08:50,598 | INFO | Lucro registrado: $4.36
2026-07-06 17:08:50,599 | INFO | [2023-01-09 06:55] FECHAMENTO | Take-profit atingido @ 1.09849 | Pips: +14.5 | P&L: +$4.36 | Capital: $39.67
2026-07-06 17:08:50,599 | INFO | Lote calculado: 0.04 | Capital: $39.67 | Risco: 10.0p + 1.3p = 11.3p | Risco USD: $3.97
2026-07-06 17:08:50,606 | WARNING | Perda registrada: $4.38 | Perdas hoje: 3/100
2026-07-06 17:08:50,606 | INFO | [2023-01-09 16:30] FECHAMENTO | Stop-loss atingido @ 1.09939 | Pips: -11.0 | P&L: $-4.38 | Capital: $35.29
2026-07-06 17:08:50,606 | INFO | Lote calculado: 0.03 | Capital: $35.29 | Risco: 10.0p + 1.3p = 11.3p | Risco USD: $3.53
2026-07-06 17:08:50,607 | WARNING | Perda registrada: $3.43 | Perdas hoje: 4/100
2026-07-06 17:08:50,607 | INFO | [2023-01-09 17:30] FECHAMENTO | Stop-loss atingido @ 1.10086 | Pips: -11.4 | P&L: $-3.43 | Capital: $31.86
2026-07-06 17:08:50,607 | INFO | Lote calculado: 0.03 | Capital: $31.86 | Risco: 10.0p + 1.3p = 11.3p | Risco USD: $3.19
2026-07-06 17:08:50,608 | WARNING | Perda registrada: $3.29 | Perdas hoje: 5/100
2026-07-06 17:08:50,609 | INFO | [2023-01-09 19:30] FECHAMENTO | Stop-loss atingido @ 1.10176 | Pips: -11.0 | P&L: $-3.29 | Capital: $28.57
2026-07-06 17:08:50,609 | INFO | Lote calculado: 0.03 | Capital: $28.57 | Risco: 10.0p + 1.3p = 11.3p | Risco USD: $2.86
2026-07-06 17:08:50,611 | INFO | Lucro registrado: $4.43
2026-07-06 17:08:50,611 | INFO | [2023-01-09 22:15] FECHAMENTO | Take-profit atingido @ 1.10009 | Pips: +14.8 | P&L: +$4.43 | Capital: $33.00
2026-07-06 17:08:50,611 | INFO | Lote calculado: 0.03 | Capital: $33.00 | Risco: 10.0p + 1.3p = 11.3p | Risco USD: $3.30
2026-07-06 17:08:50,612 | INFO | Novo dia (2023-01-10). Resetando contadores de risco diário.
2026-07-06 17:08:50,616 | WARNING | Perda registrada: $3.38 | Perdas hoje: 1/100
2026-07-06 17:08:50,616 | INFO | [2023-01-10 04:35] FECHAMENTO | Stop-loss atingido @ 1.09916 | Pips: -11.3 | P&L: $-3.38 | Capital: $29.62
2026-07-06 17:08:50,617 | INFO | Lote calculado: 0.03 | Capital: $29.62 | Risco: 10.0p + 1.3p = 11.3p | Risco USD: $2.96
2026-07-06 17:08:50,617 | WARNING | Perda registrada: $3.29 | Perdas hoje: 2/100
2026-07-06 17:08:50,617 | INFO | [2023-01-10 05:40] FECHAMENTO | Stop-loss atingido @ 1.10051 | Pips: -11.0 | P&L: $-3.29 | Capital: $26.33
2026-07-06 17:08:50,618 | INFO | Lote calculado: 0.02 | Capital: $26.33 | Risco: 10.0p + 1.3p = 11.3p | Risco USD: $2.63
2026-07-06 17:08:50,618 | WARNING | Perda registrada: $2.97 | Perdas hoje: 3/100
2026-07-06 17:08:50,618 | INFO | [2023-01-10 06:20] FECHAMENTO | Stop-loss atingido @ 1.10180 | Pips: -14.8 | P&L: $-2.97 | Capital: $23.36
2026-07-06 17:08:50,618 | INFO | Lote calculado: 0.02 | Capital: $23.36 | Risco: 10.0p + 1.3p = 11.3p | Risco USD: $2.34
2026-07-06 17:08:50,620 | WARNING | Perda registrada: $2.19 | Perdas hoje: 4/100
2026-07-06 17:08:50,620 | INFO | [2023-01-10 08:10] FECHAMENTO | Stop-loss atingido @ 1.10270 | Pips: -11.0 | P&L: $-2.19 | Capital: $21.17
2026-07-06 17:08:50,620 | INFO | Lote calculado: 0.02 | Capital: $21.17 | Risco: 10.0p + 1.3p = 11.3p | Risco USD: $2.12
2026-07-06 17:08:50,622 | WARNING | Perda registrada: $2.21 | Perdas hoje: 5/100
2026-07-06 17:08:50,622 | INFO | [2023-01-10 09:50] FECHAMENTO | Stop-loss atingido @ 1.10361 | Pips: -11.0 | P&L: $-2.21 | Capital: $18.96
2026-07-06 17:08:50,622 | INFO | Lote calculado: 0.02 | Capital: $18.96 | Risco: 10.0p + 1.3p = 11.3p | Risco USD: $1.90
2026-07-06 17:08:50,623 | WARNING | Perda registrada: $2.63 | Perdas hoje: 6/100
2026-07-06 17:08:50,623 | INFO | [2023-01-10 11:40] FECHAMENTO | Stop-loss atingido @ 1.10473 | Pips: -13.1 | P&L: $-2.63 | Capital: $16.33
2026-07-06 17:08:50,623 | INFO | Lote calculado: 0.01 | Capital: $16.33 | Risco: 10.0p + 1.3p = 11.3p | Risco USD: $1.63
2026-07-06 17:08:50,624 | WARNING | Perda registrada: $1.20 | Perdas hoje: 7/100
2026-07-06 17:08:50,624 | INFO | [2023-01-10 12:10] FECHAMENTO | Stop-loss atingido @ 1.10574 | Pips: -12.0 | P&L: $-1.20 | Capital: $15.13
2026-07-06 17:08:50,624 | INFO | Lote calculado: 0.01 | Capital: $15.13 | Risco: 10.0p + 1.3p = 11.3p | Risco USD: $1.51
2026-07-06 17:08:50,627 | INFO | Lucro registrado: $1.55
2026-07-06 17:08:50,627 | INFO | [2023-01-10 14:35] FECHAMENTO | Take-profit atingido @ 1.10399 | Pips: +15.5 | P&L: +$1.55 | Capital: $16.68
2026-07-06 17:08:50,627 | INFO | Lote calculado: 0.01 | Capital: $16.68 | Risco: 10.0p + 1.3p = 11.3p | Risco USD: $1.67
2026-07-06 17:08:50,628 | WARNING | Perda registrada: $1.16 | Perdas hoje: 8/100
2026-07-06 17:08:50,628 | INFO | [2023-01-10 15:40] FECHAMENTO | Stop-loss atingido @ 1.10292 | Pips: -11.6 | P&L: $-1.16 | Capital: $15.52
2026-07-06 17:08:50,629 | INFO | Lote calculado: 0.01 | Capital: $15.52 | Risco: 10.0p + 1.3p = 11.3p | Risco USD: $1.55
2026-07-06 17:08:50,630 | WARNING | Perda registrada: $1.27 | Perdas hoje: 9/100
2026-07-06 17:08:50,630 | INFO | [2023-01-10 16:40] FECHAMENTO | Stop-loss atingido @ 1.10184 | Pips: -12.7 | P&L: $-1.27 | Capital: $14.25
2026-07-06 17:08:50,631 | INFO | Lote calculado: 0.01 | Capital: $14.25 | Risco: 10.0p + 1.3p = 11.3p | Risco USD: $1.43
2026-07-06 17:08:50,633 | WARNING | Perda registrada: $1.18 | Perdas hoje: 10/100
2026-07-06 17:08:50,633 | INFO | [2023-01-10 19:05] FECHAMENTO | Stop-loss atingido @ 1.10382 | Pips: -11.8 | P&L: $-1.18 | Capital: $13.07
2026-07-06 17:08:50,634 | INFO | Lote calculado: 0.01 | Capital: $13.07 | Risco: 10.0p + 1.3p = 11.3p | Risco USD: $1.31
2026-07-06 17:08:50,635 | WARNING | Perda registrada: $1.16 | Perdas hoje: 11/100
2026-07-06 17:08:50,635 | INFO | [2023-01-10 20:20] FECHAMENTO | Stop-loss atingido @ 1.10189 | Pips: -11.6 | P&L: $-1.16 | Capital: $11.91
2026-07-06 17:08:50,635 | INFO | Lote calculado: 0.01 | Capital: $11.91 | Risco: 10.0p + 1.3p = 11.3p | Risco USD: $1.19
2026-07-06 17:08:50,638 | INFO | Lucro registrado: $1.54
2026-07-06 17:08:50,638 | INFO | [2023-01-10 23:35] FECHAMENTO | Take-profit atingido @ 1.10362 | Pips: +15.4 | P&L: +$1.54 | Capital: $13.45
2026-07-06 17:08:50,638 | INFO | Lote calculado: 0.01 | Capital: $13.45 | Risco: 10.0p + 1.3p = 11.3p | Risco USD: $1.34
2026-07-06 17:08:50,638 | WARNING | Perda registrada: $1.12 | Perdas hoje: 12/100
2026-07-06 17:08:50,639 | INFO | [2023-01-10 23:55] FECHAMENTO | Stop-loss atingido @ 1.10455 | Pips: -11.2 | P&L: $-1.12 | Capital: $12.33
2026-07-06 17:08:50,639 | INFO | Lote calculado: 0.01 | Capital: $12.33 | Risco: 10.0p + 1.3p = 11.3p | Risco USD: $1.23
2026-07-06 17:08:50,639 | INFO | Novo dia (2023-01-11). Resetando contadores de risco diário.
2026-07-06 17:08:50,640 | WARNING | Perda registrada: $1.13 | Perdas hoje: 1/100
2026-07-06 17:08:50,640 | INFO | [2023-01-11 00:45] FECHAMENTO | Stop-loss atingido @ 1.10548 | Pips: -11.3 | P&L: $-1.13 | Capital: $11.20
2026-07-06 17:08:50,640 | INFO | Lote calculado: 0.01 | Capital: $11.20 | Risco: 10.0p + 1.3p = 11.3p | Risco USD: $1.12
2026-07-06 17:08:50,641 | WARNING | Perda registrada: $1.16 | Perdas hoje: 2/100
2026-07-06 17:08:50,641 | INFO | [2023-01-11 02:15] FECHAMENTO | Stop-loss atingido @ 1.10657 | Pips: -11.6 | P&L: $-1.16 | Capital: $10.04
2026-07-06 17:08:50,642 | INFO | Lote calculado: 0.01 | Capital: $10.04 | Risco: 10.0p + 1.3p = 11.3p | Risco USD: $1.00
2026-07-06 17:08:50,644 | WARNING | Perda registrada: $1.15 | Perdas hoje: 3/100
2026-07-06 17:08:50,644 | INFO | [2023-01-11 05:10] FECHAMENTO | Stop-loss atingido @ 1.10753 | Pips: -11.5 | P&L: $-1.15 | Capital: $8.89
2026-07-06 17:08:50,645 | INFO | Lote calculado: 0.01 | Capital: $8.89 | Risco: 10.0p + 1.3p = 11.3p | Risco USD: $0.89
2026-07-06 17:08:50,646 | WARNING | Perda registrada: $1.36 | Perdas hoje: 4/100
2026-07-06 17:08:50,646 | INFO | [2023-01-11 06:35] FECHAMENTO | Stop-loss atingido @ 1.10919 | Pips: -13.6 | P&L: $-1.36 | Capital: $7.53
2026-07-06 17:08:50,646 | INFO | Lote calculado: 0.01 | Capital: $7.53 | Risco: 10.0p + 1.3p = 11.3p | Risco USD: $0.75
2026-07-06 17:08:50,647 | WARNING | Perda registrada: $1.24 | Perdas hoje: 5/100
2026-07-06 17:08:50,647 | INFO | [2023-01-11 08:00] FECHAMENTO | Stop-loss atingido @ 1.11023 | Pips: -12.4 | P&L: $-1.24 | Capital: $6.29
2026-07-06 17:08:50,647 | INFO | Lote calculado: 0.01 | Capital: $6.29 | Risco: 10.0p + 1.3p = 11.3p | Risco USD: $0.63
2026-07-06 17:08:50,660 | WARNING | Perda registrada: $1.13 | Perdas hoje: 6/100
2026-07-06 17:08:50,660 | INFO | [2023-01-11 22:40] FECHAMENTO | Stop-loss atingido @ 1.11117 | Pips: -11.3 | P&L: $-1.13 | Capital: $5.16
2026-07-06 17:08:50,661 | INFO | Novo dia (2023-01-12). Resetando contadores de risco diário.
2026-07-06 17:08:50,662 | INFO | Lote calculado: 0.01 | Capital: $5.16 | Risco: 10.0p + 1.3p = 11.3p | Risco USD: $0.52
2026-07-06 17:08:50,665 | INFO | Lucro registrado: $1.61
2026-07-06 17:08:50,665 | INFO | [2023-01-12 03:45] FECHAMENTO | Take-profit atingido @ 1.11311 | Pips: +16.1 | P&L: +$1.61 | Capital: $6.77
2026-07-06 17:08:50,665 | INFO | Lote calculado: 0.01 | Capital: $6.77 | Risco: 10.0p + 1.3p = 11.3p | Risco USD: $0.68
2026-07-06 17:08:50,666 | WARNING | Perda registrada: $1.20 | Perdas hoje: 1/100
2026-07-06 17:08:50,666 | INFO | [2023-01-12 04:55] FECHAMENTO | Stop-loss atingido @ 1.11412 | Pips: -12.0 | P&L: $-1.20 | Capital: $5.57
2026-07-06 17:08:50,666 | INFO | Lote calculado: 0.01 | Capital: $5.57 | Risco: 10.0p + 1.3p = 11.3p | Risco USD: $0.56
2026-07-06 17:08:50,668 | WARNING | Perda registrada: $1.28 | Perdas hoje: 2/100
2026-07-06 17:08:50,668 | INFO | [2023-01-12 06:40] FECHAMENTO | Stop-loss atingido @ 1.11250 | Pips: -12.8 | P&L: $-1.28 | Capital: $4.29
2026-07-06 17:08:50,668 | INFO | Lote calculado: 0.01 | Capital: $4.29 | Risco: 10.0p + 1.3p = 11.3p | Risco USD: $0.43
2026-07-06 17:08:50,673 | INFO | Lucro registrado: $1.45
2026-07-06 17:08:50,673 | INFO | [2023-01-12 12:40] FECHAMENTO | Take-profit atingido @ 1.11415 | Pips: +14.5 | P&L: +$1.45 | Capital: $5.74
2026-07-06 17:08:50,673 | INFO | Lote calculado: 0.01 | Capital: $5.74 | Risco: 10.0p + 1.3p = 11.3p | Risco USD: $0.57
2026-07-06 17:08:50,676 | WARNING | Perda registrada: $1.18 | Perdas hoje: 3/100
2026-07-06 17:08:50,676 | INFO | [2023-01-12 16:10] FECHAMENTO | Stop-loss atingido @ 1.11514 | Pips: -11.8 | P&L: $-1.18 | Capital: $4.56
2026-07-06 17:08:50,677 | INFO | Lote calculado: 0.01 | Capital: $4.56 | Risco: 10.0p + 1.3p = 11.3p | Risco USD: $0.46
2026-07-06 17:08:50,677 | WARNING | Perda registrada: $1.11 | Perdas hoje: 4/100
2026-07-06 17:08:50,677 | INFO | [2023-01-12 16:25] FECHAMENTO | Stop-loss atingido @ 1.11606 | Pips: -11.1 | P&L: $-1.11 | Capital: $3.45
2026-07-06 17:08:50,677 | INFO | Lote calculado: 0.01 | Capital: $3.45 | Risco: 10.0p + 1.3p = 11.3p | Risco USD: $0.35
2026-07-06 17:08:50,678 | WARNING | Perda registrada: $1.24 | Perdas hoje: 5/100
2026-07-06 17:08:50,678 | INFO | [2023-01-12 17:10] FECHAMENTO | Stop-loss atingido @ 1.11711 | Pips: -12.4 | P&L: $-1.24 | Capital: $2.21
2026-07-06 17:08:50,678 | INFO | Lote calculado: 0.01 | Capital: $2.21 | Risco: 10.0p + 1.3p = 11.3p | Risco USD: $0.22
2026-07-06 17:08:50,683 | WARNING | Perda registrada: $1.38 | Perdas hoje: 6/100
2026-07-06 17:08:50,683 | INFO | [2023-01-12 22:40] FECHAMENTO | Stop-loss atingido @ 1.11830 | Pips: -13.8 | P&L: $-1.38 | Capital: $0.83
2026-07-06 17:08:50,683 | INFO | Lote calculado: 0.01 | Capital: $0.83 | Risco: 10.0p + 1.3p = 11.3p | Risco USD: $0.08
2026-07-06 17:08:50,684 | INFO | Novo dia (2023-01-13). Resetando contadores de risco diário.
2026-07-06 17:08:50,686 | WARNING | Perda registrada: $1.17 | Perdas hoje: 1/100
2026-07-06 17:08:50,686 | INFO | [2023-01-13 02:20] FECHAMENTO | Stop-loss atingido @ 1.11928 | Pips: -11.7 | P&L: $-1.17 | Capital: $-0.34
2026-07-06 17:08:50,706 | INFO | Novo dia (2023-01-14). Resetando contadores de risco diário.
2026-07-06 17:08:50,728 | INFO | Novo dia (2023-01-15). Resetando contadores de risco diário.
2026-07-06 17:08:50,750 | INFO | Novo dia (2023-01-16). Resetando contadores de risco diário.
2026-07-06 17:08:50,772 | INFO | Novo dia (2023-01-17). Resetando contadores de risco diário.
2026-07-06 17:08:50,798 | INFO | Novo dia (2023-01-18). Resetando contadores de risco diário.
2026-07-06 17:08:50,820 | INFO | Novo dia (2023-01-19). Resetando contadores de risco diário.
2026-07-06 17:08:50,862 | INFO | Novo dia (2023-01-20). Resetando contadores de risco diário.
2026-07-06 17:08:50,885 | INFO | Novo dia (2023-01-21). Resetando contadores de risco diário.
2026-07-06 17:08:50,908 | INFO | Novo dia (2023-01-22). Resetando contadores de risco diário.
2026-07-06 17:08:50,930 | INFO | Novo dia (2023-01-23). Resetando contadores de risco diário.
2026-07-06 17:08:50,951 | INFO | Novo dia (2023-01-24). Resetando contadores de risco diário.
2026-07-06 17:08:50,973 | INFO | Novo dia (2023-01-25). Resetando contadores de risco diário.
2026-07-06 17:08:50,994 | INFO | Novo dia (2023-01-26). Resetando contadores de risco diário.
2026-07-06 17:08:51,014 | INFO | Novo dia (2023-01-27). Resetando contadores de risco diário.
2026-07-06 17:08:51,033 | INFO | Novo dia (2023-01-28). Resetando contadores de risco diário.
2026-07-06 17:08:51,058 | INFO | Novo dia (2023-01-29). Resetando contadores de risco diário.
2026-07-06 17:08:51,079 | INFO | Novo dia (2023-01-30). Resetando contadores de risco diário.
2026-07-06 17:08:51,098 | INFO | Novo dia (2023-01-31). Resetando contadores de risco diário.
2026-07-06 17:08:51,117 | INFO | Novo dia (2023-02-01). Resetando contadores de risco diário.
2026-07-06 17:08:51,123 | INFO | [DIAGNÓSTICO RSI_REV] Candles: 5959 → sessão: 5959 → risco ok: 431 → RSI(3)<5.0/95.0: 83 → sem tendência: 83 → trades: 83
2026-07-06 17:08:51,123 | INFO | Backtest concluído | Trades: 83 | Capital final: $-0.34
2026-07-06 17:08:51,124 | INFO | =======================================================
2026-07-06 17:08:51,124 | INFO |            RELATÓRIO DE BACKTEST — BOT RAFI
2026-07-06 17:08:51,124 | INFO | =======================================================
2026-07-06 17:08:51,124 | INFO |   Total de trades  : 83
2026-07-06 17:08:51,124 | INFO |   Ganhos / Perdas  : 24 / 59
2026-07-06 17:08:51,124 | INFO |   Win Rate         : 28.9%
2026-07-06 17:08:51,124 | INFO |   Profit Factor    : 0.655
2026-07-06 17:08:51,124 | INFO |   Expectativa/trade: $-1.21
2026-07-06 17:08:51,124 | INFO |   Retorno total    : $-100.34 (-100.3%)
2026-07-06 17:08:51,124 | INFO |   Capital inicial  : $100.00
2026-07-06 17:08:51,124 | INFO |   Capital final    : $-0.34
2026-07-06 17:08:51,124 | INFO |   Drawdown máximo  : $145.40 (100.2%)
2026-07-06 17:08:51,124 | INFO |   Sharpe Ratio     : -2.425
2026-07-06 17:08:51,125 | INFO |   Duração média    : 157 min
2026-07-06 17:08:51,125 | INFO | =======================================================
2026-07-06 17:08:51,125 | WARNING |   ⚠ Win rate abaixo da meta (55%): 28.9%
2026-07-06 17:08:51,125 | WARNING |   ⚠ Profit factor abaixo da meta (1.5): 0.655
2026-07-06 17:08:51,125 | WARNING |   ⚠ Drawdown alto: 100.2%
2026-07-06 17:08:51,125 | INFO |   Resultados por mês:
2026-07-06 17:08:51,125 | INFO |     2023-01: $-100.34
2026-07-06 17:08:51,125 | INFO | =======================================================
2026-07-06 17:08:51,125 | WARNING | ✘ Metas de Fase 1A não atingidas — revisar parâmetros
2026-07-06 17:12:35,354 | INFO | === Bot RAFI — Iniciando backtest ===
2026-07-06 17:12:35,354 | WARNING | Arquivo CSV não fornecido. Usando dados SINTÉTICOS (apenas para teste de código).
2026-07-06 17:12:35,380 | INFO | Pré-calculando indicadores (RAFI, MA20/50 M5, S/R)...
2026-07-06 17:12:35,399 | INFO | Sessões ativas: ['00:00–23:59']
2026-07-06 17:12:35,400 | INFO | Iniciando backtest | Período: 2023-01-02 07:00:00+00:00 → 2023-02-01 06:55:00+00:00 | Candles M5: 8640 | Capital: $100.00 | Max simultâneos: 1
2026-07-06 17:12:35,400 | INFO | Novo dia (2023-01-02). Resetando contadores de risco diário.
2026-07-06 17:12:35,402 | INFO | Lote calculado: 0.02 | Capital: $100.00 | Risco: 10.0p + 1.3p = 11.3p | Risco USD: $2.00
2026-07-06 17:12:35,403 | WARNING | Perda registrada: $2.29 | Perdas hoje: 1/100
2026-07-06 17:12:35,403 | INFO | [2023-01-02 22:50] FECHAMENTO | Stop-loss atingido @ 1.10098 | Pips: -11.4 | P&L: $-2.29 | Capital: $97.71
2026-07-06 17:12:35,404 | INFO | Novo dia (2023-01-03). Resetando contadores de risco diário.
2026-07-06 17:12:35,404 | INFO | Lote calculado: 0.02 | Capital: $97.71 | Risco: 10.0p + 1.3p = 11.3p | Risco USD: $1.95
2026-07-06 17:12:35,406 | WARNING | Perda registrada: $2.35 | Perdas hoje: 1/100
2026-07-06 17:12:35,407 | INFO | [2023-01-03 03:10] FECHAMENTO | Stop-loss atingido @ 1.09959 | Pips: -11.7 | P&L: $-2.35 | Capital: $95.36
2026-07-06 17:12:35,414 | INFO | Lote calculado: 0.02 | Capital: $95.36 | Risco: 10.0p + 1.3p = 11.3p | Risco USD: $1.91
2026-07-06 17:12:35,416 | INFO | Lucro registrado: $4.53
2026-07-06 17:12:35,417 | INFO | [2023-01-03 14:15] FECHAMENTO | Take-profit atingido @ 1.10493 | Pips: +22.6 | P&L: +$4.53 | Capital: $99.89
2026-07-06 17:12:35,417 | INFO | Lote calculado: 0.02 | Capital: $99.89 | Risco: 10.0p + 1.3p = 11.3p | Risco USD: $2.00
2026-07-06 17:12:35,419 | WARNING | Perda registrada: $2.67 | Perdas hoje: 2/100
2026-07-06 17:12:35,419 | INFO | [2023-01-03 17:15] FECHAMENTO | Stop-loss atingido @ 1.10282 | Pips: -13.4 | P&L: $-2.67 | Capital: $97.22
2026-07-06 17:12:35,419 | INFO | Lote calculado: 0.02 | Capital: $97.22 | Risco: 10.0p + 1.3p = 11.3p | Risco USD: $1.94
2026-07-06 17:12:35,425 | INFO | Lucro registrado: $3.87
2026-07-06 17:12:35,425 | INFO | [2023-01-03 23:50] FECHAMENTO | Take-profit atingido @ 1.10495 | Pips: +19.4 | P&L: +$3.87 | Capital: $101.09
2026-07-06 17:12:35,425 | INFO | Novo dia (2023-01-04). Resetando contadores de risco diário.
2026-07-06 17:12:35,426 | INFO | Lote calculado: 0.02 | Capital: $101.09 | Risco: 10.0p + 1.3p = 11.3p | Risco USD: $2.02
2026-07-06 17:12:35,433 | WARNING | Perda registrada: $2.21 | Perdas hoje: 1/100
2026-07-06 17:12:35,433 | INFO | [2023-01-04 08:55] FECHAMENTO | Stop-loss atingido @ 1.10314 | Pips: -11.0 | P&L: $-2.21 | Capital: $98.88
2026-07-06 17:12:35,440 | INFO | Lote calculado: 0.02 | Capital: $98.88 | Risco: 10.0p + 1.3p = 11.3p | Risco USD: $1.98
2026-07-06 17:12:35,441 | WARNING | Perda registrada: $2.25 | Perdas hoje: 2/100
2026-07-06 17:12:35,441 | INFO | [2023-01-04 16:40] FECHAMENTO | Stop-loss atingido @ 1.10352 | Pips: -11.3 | P&L: $-2.25 | Capital: $96.63
2026-07-06 17:12:35,444 | INFO | Lote calculado: 0.02 | Capital: $96.63 | Risco: 10.0p + 1.3p = 11.3p | Risco USD: $1.93
2026-07-06 17:12:35,446 | WARNING | Perda registrada: $2.23 | Perdas hoje: 3/100
2026-07-06 17:12:35,446 | INFO | [2023-01-04 22:15] FECHAMENTO | Stop-loss atingido @ 1.10190 | Pips: -11.1 | P&L: $-2.23 | Capital: $94.40
2026-07-06 17:12:35,446 | INFO | Lote calculado: 0.02 | Capital: $94.40 | Risco: 10.0p + 1.3p = 11.3p | Risco USD: $1.89
2026-07-06 17:12:35,448 | WARNING | Perda registrada: $2.23 | Perdas hoje: 4/100
2026-07-06 17:12:35,448 | INFO | [2023-01-04 23:15] FECHAMENTO | Stop-loss atingido @ 1.10310 | Pips: -11.1 | P&L: $-2.23 | Capital: $92.17
2026-07-06 17:12:35,448 | INFO | Novo dia (2023-01-05). Resetando contadores de risco diário.
2026-07-06 17:12:35,449 | INFO | Lote calculado: 0.02 | Capital: $92.17 | Risco: 10.0p + 1.3p = 11.3p | Risco USD: $1.84
2026-07-06 17:12:35,452 | WARNING | Perda registrada: $2.29 | Perdas hoje: 1/100
2026-07-06 17:12:35,452 | INFO | [2023-01-05 03:40] FECHAMENTO | Stop-loss atingido @ 1.10248 | Pips: -11.4 | P&L: $-2.29 | Capital: $89.88
2026-07-06 17:12:35,458 | INFO | Lote calculado: 0.02 | Capital: $89.88 | Risco: 10.0p + 1.3p = 11.3p | Risco USD: $1.80
2026-07-06 17:12:35,460 | WARNING | Perda registrada: $2.29 | Perdas hoje: 2/100
2026-07-06 17:12:35,460 | INFO | [2023-01-05 12:45] FECHAMENTO | Stop-loss atingido @ 1.10322 | Pips: -11.4 | P&L: $-2.29 | Capital: $87.59
2026-07-06 17:12:35,462 | INFO | Lote calculado: 0.02 | Capital: $87.59 | Risco: 10.0p + 1.3p = 11.3p | Risco USD: $1.75
2026-07-06 17:12:35,468 | INFO | Lucro registrado: $4.07
2026-07-06 17:12:35,468 | INFO | [2023-01-05 23:25] FECHAMENTO | Take-profit atingido @ 1.10541 | Pips: +20.4 | P&L: +$4.07 | Capital: $91.66
2026-07-06 17:12:35,469 | INFO | Novo dia (2023-01-06). Resetando contadores de risco diário.
2026-07-06 17:12:35,469 | INFO | Lote calculado: 0.02 | Capital: $91.66 | Risco: 10.0p + 1.3p = 11.3p | Risco USD: $1.83
2026-07-06 17:12:35,471 | INFO | Lucro registrado: $3.91
2026-07-06 17:12:35,471 | INFO | [2023-01-06 02:40] FECHAMENTO | Take-profit atingido @ 1.10716 | Pips: +19.5 | P&L: +$3.91 | Capital: $95.57
2026-07-06 17:12:35,473 | INFO | Lote calculado: 0.02 | Capital: $95.57 | Risco: 10.0p + 1.3p = 11.3p | Risco USD: $1.91
2026-07-06 17:12:35,476 | WARNING | Perda registrada: $2.39 | Perdas hoje: 1/100
2026-07-06 17:12:35,476 | INFO | [2023-01-06 08:55] FECHAMENTO | Stop-loss atingido @ 1.10621 | Pips: -12.0 | P&L: $-2.39 | Capital: $93.18
2026-07-06 17:12:35,476 | INFO | Lote calculado: 0.02 | Capital: $93.18 | Risco: 10.0p + 1.3p = 11.3p | Risco USD: $1.86
2026-07-06 17:12:35,479 | WARNING | Perda registrada: $2.37 | Perdas hoje: 2/100
2026-07-06 17:12:35,479 | INFO | [2023-01-06 12:25] FECHAMENTO | Stop-loss atingido @ 1.10522 | Pips: -11.8 | P&L: $-2.37 | Capital: $90.81
2026-07-06 17:12:35,485 | INFO | Lote calculado: 0.02 | Capital: $90.81 | Risco: 10.0p + 1.3p = 11.3p | Risco USD: $1.82
2026-07-06 17:12:35,486 | WARNING | Perda registrada: $2.19 | Perdas hoje: 3/100
2026-07-06 17:12:35,486 | INFO | [2023-01-06 19:50] FECHAMENTO | Stop-loss atingido @ 1.10604 | Pips: -11.0 | P&L: $-2.19 | Capital: $88.62
2026-07-06 17:12:35,488 | INFO | Lote calculado: 0.02 | Capital: $88.62 | Risco: 10.0p + 1.3p = 11.3p | Risco USD: $1.77
2026-07-06 17:12:35,489 | WARNING | Perda registrada: $2.35 | Perdas hoje: 4/100
2026-07-06 17:12:35,489 | INFO | [2023-01-06 23:05] FECHAMENTO | Stop-loss atingido @ 1.10697 | Pips: -11.7 | P&L: $-2.35 | Capital: $86.27
2026-07-06 17:12:35,490 | INFO | Novo dia (2023-01-07). Resetando contadores de risco diário.
2026-07-06 17:12:35,495 | INFO | Lote calculado: 0.02 | Capital: $86.27 | Risco: 10.0p + 1.3p = 11.3p | Risco USD: $1.73
2026-07-06 17:12:35,496 | WARNING | Perda registrada: $2.27 | Perdas hoje: 1/100
2026-07-06 17:12:35,496 | INFO | [2023-01-07 06:50] FECHAMENTO | Stop-loss atingido @ 1.10872 | Pips: -11.4 | P&L: $-2.27 | Capital: $84.00
2026-07-06 17:12:35,496 | INFO | Lote calculado: 0.01 | Capital: $84.00 | Risco: 10.0p + 1.3p = 11.3p | Risco USD: $1.68
2026-07-06 17:12:35,497 | INFO | Lucro registrado: $2.07
2026-07-06 17:12:35,497 | INFO | [2023-01-07 08:30] FECHAMENTO | Take-profit atingido @ 1.11098 | Pips: +20.7 | P&L: +$2.07 | Capital: $86.07
2026-07-06 17:12:35,498 | INFO | Lote calculado: 0.02 | Capital: $86.07 | Risco: 10.0p + 1.3p = 11.3p | Risco USD: $1.72
2026-07-06 17:12:35,500 | WARNING | Perda registrada: $2.35 | Perdas hoje: 2/100
2026-07-06 17:12:35,500 | INFO | [2023-01-07 12:05] FECHAMENTO | Stop-loss atingido @ 1.10948 | Pips: -11.7 | P&L: $-2.35 | Capital: $83.72
2026-07-06 17:12:35,507 | INFO | Lote calculado: 0.01 | Capital: $83.72 | Risco: 10.0p + 1.3p = 11.3p | Risco USD: $1.67
2026-07-06 17:12:35,509 | WARNING | Perda registrada: $1.24 | Perdas hoje: 3/100
2026-07-06 17:12:35,509 | INFO | [2023-01-07 21:40] FECHAMENTO | Stop-loss atingido @ 1.10664 | Pips: -12.4 | P&L: $-1.24 | Capital: $82.48
2026-07-06 17:12:35,509 | INFO | Lote calculado: 0.01 | Capital: $82.48 | Risco: 10.0p + 1.3p = 11.3p | Risco USD: $1.65
2026-07-06 17:12:35,511 | INFO | Novo dia (2023-01-08). Resetando contadores de risco diário.
2026-07-06 17:12:35,515 | INFO | Lucro registrado: $2.03
2026-07-06 17:12:35,515 | INFO | [2023-01-08 06:05] FECHAMENTO | Take-profit atingido @ 1.10442 | Pips: +20.3 | P&L: +$2.03 | Capital: $84.51
2026-07-06 17:12:35,518 | INFO | Lote calculado: 0.01 | Capital: $84.51 | Risco: 10.0p + 1.3p = 11.3p | Risco USD: $1.69
2026-07-06 17:12:35,522 | INFO | Lucro registrado: $2.15
2026-07-06 17:12:35,522 | INFO | [2023-01-08 13:55] FECHAMENTO | Take-profit atingido @ 1.10247 | Pips: +21.5 | P&L: +$2.15 | Capital: $86.66
2026-07-06 17:12:35,530 | INFO | Novo dia (2023-01-09). Resetando contadores de risco diário.
2026-07-06 17:12:35,533 | INFO | Lote calculado: 0.02 | Capital: $86.66 | Risco: 10.0p + 1.3p = 11.3p | Risco USD: $1.73
2026-07-06 17:12:35,536 | WARNING | Perda registrada: $2.39 | Perdas hoje: 1/100
2026-07-06 17:12:35,536 | INFO | [2023-01-09 06:50] FECHAMENTO | Stop-loss atingido @ 1.09844 | Pips: -12.0 | P&L: $-2.39 | Capital: $84.27
2026-07-06 17:12:35,536 | INFO | Lote calculado: 0.01 | Capital: $84.27 | Risco: 10.0p + 1.3p = 11.3p | Risco USD: $1.69
2026-07-06 17:12:35,544 | WARNING | Perda registrada: $1.10 | Perdas hoje: 2/100
2026-07-06 17:12:35,544 | INFO | [2023-01-09 16:25] FECHAMENTO | Stop-loss atingido @ 1.09935 | Pips: -11.0 | P&L: $-1.10 | Capital: $83.17
2026-07-06 17:12:35,547 | INFO | Lote calculado: 0.01 | Capital: $83.17 | Risco: 10.0p + 1.3p = 11.3p | Risco USD: $1.66
2026-07-06 17:12:35,550 | INFO | Novo dia (2023-01-10). Resetando contadores de risco diário.
2026-07-06 17:12:35,554 | WARNING | Perda registrada: $1.17 | Perdas hoje: 1/100
2026-07-06 17:12:35,554 | INFO | [2023-01-10 04:15] FECHAMENTO | Stop-loss atingido @ 1.09943 | Pips: -11.7 | P&L: $-1.17 | Capital: $82.00
2026-07-06 17:12:35,555 | INFO | Lote calculado: 0.01 | Capital: $82.00 | Risco: 10.0p + 1.3p = 11.3p | Risco USD: $1.64
2026-07-06 17:12:35,555 | WARNING | Perda registrada: $1.10 | Perdas hoje: 2/100
2026-07-06 17:12:35,555 | INFO | [2023-01-10 05:40] FECHAMENTO | Stop-loss atingido @ 1.10051 | Pips: -11.0 | P&L: $-1.10 | Capital: $80.90
2026-07-06 17:12:35,556 | INFO | Lote calculado: 0.01 | Capital: $80.90 | Risco: 10.0p + 1.3p = 11.3p | Risco USD: $1.62
2026-07-06 17:12:35,558 | INFO | Lucro registrado: $1.94
2026-07-06 17:12:35,558 | INFO | [2023-01-10 08:20] FECHAMENTO | Take-profit atingido @ 1.10275 | Pips: +19.4 | P&L: +$1.94 | Capital: $82.84
2026-07-06 17:12:35,564 | INFO | Lote calculado: 0.01 | Capital: $82.84 | Risco: 10.0p + 1.3p = 11.3p | Risco USD: $1.66
2026-07-06 17:12:35,564 | WARNING | Perda registrada: $1.16 | Perdas hoje: 3/100
2026-07-06 17:12:35,565 | INFO | [2023-01-10 15:40] FECHAMENTO | Stop-loss atingido @ 1.10292 | Pips: -11.6 | P&L: $-1.16 | Capital: $81.68
2026-07-06 17:12:35,565 | INFO | Lote calculado: 0.01 | Capital: $81.68 | Risco: 10.0p + 1.3p = 11.3p | Risco USD: $1.63
2026-07-06 17:12:35,565 | WARNING | Perda registrada: $1.27 | Perdas hoje: 4/100
2026-07-06 17:12:35,566 | INFO | [2023-01-10 16:40] FECHAMENTO | Stop-loss atingido @ 1.10184 | Pips: -12.7 | P&L: $-1.27 | Capital: $80.41
2026-07-06 17:12:35,568 | INFO | Lote calculado: 0.01 | Capital: $80.41 | Risco: 10.0p + 1.3p = 11.3p | Risco USD: $1.61
2026-07-06 17:12:35,569 | WARNING | Perda registrada: $1.16 | Perdas hoje: 5/100
2026-07-06 17:12:35,569 | INFO | [2023-01-10 20:20] FECHAMENTO | Stop-loss atingido @ 1.10189 | Pips: -11.6 | P&L: $-1.16 | Capital: $79.25
2026-07-06 17:12:35,571 | INFO | Lote calculado: 0.01 | Capital: $79.25 | Risco: 10.0p + 1.3p = 11.3p | Risco USD: $1.58
2026-07-06 17:12:35,571 | WARNING | Perda registrada: $1.33 | Perdas hoje: 6/100
2026-07-06 17:12:35,571 | INFO | [2023-01-10 22:55] FECHAMENTO | Stop-loss atingido @ 1.10338 | Pips: -13.3 | P&L: $-1.33 | Capital: $77.92
2026-07-06 17:12:35,572 | INFO | Novo dia (2023-01-11). Resetando contadores de risco diário.
2026-07-06 17:12:35,576 | INFO | Lote calculado: 0.01 | Capital: $77.92 | Risco: 10.0p + 1.3p = 11.3p | Risco USD: $1.56
2026-07-06 17:12:35,577 | INFO | Lucro registrado: $1.99
2026-07-06 17:12:35,577 | INFO | [2023-01-11 05:20] FECHAMENTO | Take-profit atingido @ 1.10802 | Pips: +19.9 | P&L: +$1.99 | Capital: $79.91
2026-07-06 17:12:35,580 | INFO | Lote calculado: 0.01 | Capital: $79.91 | Risco: 10.0p + 1.3p = 11.3p | Risco USD: $1.60
2026-07-06 17:12:35,582 | INFO | Lucro registrado: $1.98
2026-07-06 17:12:35,582 | INFO | [2023-01-11 11:45] FECHAMENTO | Take-profit atingido @ 1.11097 | Pips: +19.8 | P&L: +$1.98 | Capital: $81.89
2026-07-06 17:12:35,584 | INFO | Lote calculado: 0.01 | Capital: $81.89 | Risco: 10.0p + 1.3p = 11.3p | Risco USD: $1.64
2026-07-06 17:12:35,592 | INFO | Lucro registrado: $2.05
2026-07-06 17:12:35,592 | INFO | [2023-01-11 23:55] FECHAMENTO | Take-profit atingido @ 1.11181 | Pips: +20.5 | P&L: +$2.05 | Capital: $83.94
2026-07-06 17:12:35,592 | INFO | Novo dia (2023-01-12). Resetando contadores de risco diário.
2026-07-06 17:12:35,593 | INFO | Lote calculado: 0.01 | Capital: $83.94 | Risco: 10.0p + 1.3p = 11.3p | Risco USD: $1.68
2026-07-06 17:12:35,596 | INFO | Lucro registrado: $2.05
2026-07-06 17:12:35,596 | INFO | [2023-01-12 04:35] FECHAMENTO | Take-profit atingido @ 1.11355 | Pips: +20.5 | P&L: +$2.05 | Capital: $85.99
2026-07-06 17:12:35,597 | INFO | Lote calculado: 0.02 | Capital: $85.99 | Risco: 10.0p + 1.3p = 11.3p | Risco USD: $1.72
2026-07-06 17:12:35,598 | WARNING | Perda registrada: $2.57 | Perdas hoje: 1/100
2026-07-06 17:12:35,598 | INFO | [2023-01-12 06:40] FECHAMENTO | Stop-loss atingido @ 1.11250 | Pips: -12.8 | P&L: $-2.57 | Capital: $83.42
2026-07-06 17:12:35,598 | INFO | Lote calculado: 0.01 | Capital: $83.42 | Risco: 10.0p + 1.3p = 11.3p | Risco USD: $1.67
2026-07-06 17:12:35,605 | INFO | Lucro registrado: $1.98
2026-07-06 17:12:35,605 | INFO | [2023-01-12 16:00] FECHAMENTO | Take-profit atingido @ 1.11467 | Pips: +19.8 | P&L: +$1.98 | Capital: $85.40
2026-07-06 17:12:35,610 | INFO | Lote calculado: 0.02 | Capital: $85.40 | Risco: 10.0p + 1.3p = 11.3p | Risco USD: $1.71
2026-07-06 17:12:35,612 | INFO | Novo dia (2023-01-13). Resetando contadores de risco diário.
2026-07-06 17:12:35,614 | INFO | Lucro registrado: $3.91
2026-07-06 17:12:35,614 | INFO | [2023-01-13 02:20] FECHAMENTO | Take-profit atingido @ 1.11928 | Pips: +19.6 | P&L: +$3.91 | Capital: $89.31
2026-07-06 17:12:35,615 | INFO | Lote calculado: 0.02 | Capital: $89.31 | Risco: 10.0p + 1.3p = 11.3p | Risco USD: $1.79
2026-07-06 17:12:35,616 | INFO | Lucro registrado: $4.47
2026-07-06 17:12:35,616 | INFO | [2023-01-13 05:20] FECHAMENTO | Take-profit atingido @ 1.12180 | Pips: +22.3 | P&L: +$4.47 | Capital: $93.78
2026-07-06 17:12:35,618 | INFO | Lote calculado: 0.02 | Capital: $93.78 | Risco: 10.0p + 1.3p = 11.3p | Risco USD: $1.88
2026-07-06 17:12:35,619 | WARNING | Perda registrada: $2.21 | Perdas hoje: 1/100
2026-07-06 17:12:35,620 | INFO | [2023-01-13 08:55] FECHAMENTO | Stop-loss atingido @ 1.12036 | Pips: -11.0 | P&L: $-2.21 | Capital: $91.57
2026-07-06 17:12:35,620 | INFO | Lote calculado: 0.02 | Capital: $91.57 | Risco: 10.0p + 1.3p = 11.3p | Risco USD: $1.83
2026-07-06 17:12:35,624 | INFO | Lucro registrado: $3.97
2026-07-06 17:12:35,624 | INFO | [2023-01-13 14:25] FECHAMENTO | Take-profit atingido @ 1.12254 | Pips: +19.9 | P&L: +$3.97 | Capital: $95.54
2026-07-06 17:12:35,625 | INFO | Lote calculado: 0.02 | Capital: $95.54 | Risco: 10.0p + 1.3p = 11.3p | Risco USD: $1.91
2026-07-06 17:12:35,628 | INFO | Lucro registrado: $3.91
2026-07-06 17:12:35,628 | INFO | [2023-01-13 18:35] FECHAMENTO | Take-profit atingido @ 1.12354 | Pips: +19.5 | P&L: +$3.91 | Capital: $99.45
2026-07-06 17:12:35,630 | INFO | Lote calculado: 0.02 | Capital: $99.45 | Risco: 10.0p + 1.3p = 11.3p | Risco USD: $1.99
2026-07-06 17:12:35,632 | WARNING | Perda registrada: $2.31 | Perdas hoje: 2/100
2026-07-06 17:12:35,632 | INFO | [2023-01-13 22:45] FECHAMENTO | Stop-loss atingido @ 1.12279 | Pips: -11.6 | P&L: $-2.31 | Capital: $97.14
2026-07-06 17:12:35,632 | INFO | Lote calculado: 0.02 | Capital: $97.14 | Risco: 10.0p + 1.3p = 11.3p | Risco USD: $1.94
2026-07-06 17:12:35,633 | WARNING | Perda registrada: $2.31 | Perdas hoje: 3/100
2026-07-06 17:12:35,633 | INFO | [2023-01-13 23:25] FECHAMENTO | Stop-loss atingido @ 1.12183 | Pips: -11.5 | P&L: $-2.31 | Capital: $94.83
2026-07-06 17:12:35,633 | INFO | Novo dia (2023-01-14). Resetando contadores de risco diário.
2026-07-06 17:12:35,634 | INFO | Lote calculado: 0.02 | Capital: $94.83 | Risco: 10.0p + 1.3p = 11.3p | Risco USD: $1.90
2026-07-06 17:12:35,636 | INFO | Lucro registrado: $4.07
2026-07-06 17:12:35,636 | INFO | [2023-01-14 02:45] FECHAMENTO | Take-profit atingido @ 1.11917 | Pips: +20.4 | P&L: +$4.07 | Capital: $98.90
2026-07-06 17:12:35,637 | INFO | Lote calculado: 0.02 | Capital: $98.90 | Risco: 10.0p + 1.3p = 11.3p | Risco USD: $1.98
2026-07-06 17:12:35,637 | WARNING | Perda registrada: $2.13 | Perdas hoje: 1/100
2026-07-06 17:12:35,637 | INFO | [2023-01-14 04:30] FECHAMENTO | Stop-loss atingido @ 1.12015 | Pips: -10.6 | P&L: $-2.13 | Capital: $96.77
2026-07-06 17:12:35,637 | INFO | Lote calculado: 0.02 | Capital: $96.77 | Risco: 10.0p + 1.3p = 11.3p | Risco USD: $1.94
2026-07-06 17:12:35,638 | WARNING | Perda registrada: $2.73 | Perdas hoje: 2/100
2026-07-06 17:12:35,638 | INFO | [2023-01-14 05:40] FECHAMENTO | Stop-loss atingido @ 1.12145 | Pips: -13.7 | P&L: $-2.73 | Capital: $94.04
2026-07-06 17:12:35,640 | INFO | Lote calculado: 0.02 | Capital: $94.04 | Risco: 10.0p + 1.3p = 11.3p | Risco USD: $1.88
2026-07-06 17:12:35,642 | INFO | Lucro registrado: $3.91
2026-07-06 17:12:35,642 | INFO | [2023-01-14 10:20] FECHAMENTO | Take-profit atingido @ 1.12357 | Pips: +19.5 | P&L: +$3.91 | Capital: $97.95
2026-07-06 17:12:35,645 | INFO | Lote calculado: 0.02 | Capital: $97.95 | Risco: 10.0p + 1.3p = 11.3p | Risco USD: $1.96
2026-07-06 17:12:35,649 | INFO | Lucro registrado: $3.95
2026-07-06 17:12:35,649 | INFO | [2023-01-14 17:40] FECHAMENTO | Take-profit atingido @ 1.12642 | Pips: +19.8 | P&L: +$3.95 | Capital: $101.90
2026-07-06 17:12:35,651 | INFO | Lote calculado: 0.02 | Capital: $101.90 | Risco: 10.0p + 1.3p = 11.3p | Risco USD: $2.04
2026-07-06 17:12:35,654 | INFO | Lucro registrado: $4.05
2026-07-06 17:12:35,654 | INFO | [2023-01-14 23:30] FECHAMENTO | Take-profit atingido @ 1.13034 | Pips: +20.2 | P&L: +$4.05 | Capital: $105.95
2026-07-06 17:12:35,654 | INFO | Novo dia (2023-01-15). Resetando contadores de risco diário.
2026-07-06 17:12:35,655 | INFO | Lote calculado: 0.02 | Capital: $105.95 | Risco: 10.0p + 1.3p = 11.3p | Risco USD: $2.12
2026-07-06 17:12:35,657 | WARNING | Perda registrada: $2.15 | Perdas hoje: 1/100
2026-07-06 17:12:35,657 | INFO | [2023-01-15 03:30] FECHAMENTO | Stop-loss atingido @ 1.12891 | Pips: -10.7 | P&L: $-2.15 | Capital: $103.80
2026-07-06 17:12:35,657 | INFO | Lote calculado: 0.02 | Capital: $103.80 | Risco: 10.0p + 1.3p = 11.3p | Risco USD: $2.08
2026-07-06 17:12:35,659 | INFO | Lucro registrado: $4.33
2026-07-06 17:12:35,659 | INFO | [2023-01-15 06:00] FECHAMENTO | Take-profit atingido @ 1.13127 | Pips: +21.6 | P&L: +$4.33 | Capital: $108.13
2026-07-06 17:12:35,660 | INFO | Lote calculado: 0.02 | Capital: $108.13 | Risco: 10.0p + 1.3p = 11.3p | Risco USD: $2.16
2026-07-06 17:12:35,669 | WARNING | Perda registrada: $3.11 | Perdas hoje: 2/100
2026-07-06 17:12:35,670 | INFO | [2023-01-15 19:20] FECHAMENTO | Stop-loss atingido @ 1.12892 | Pips: -15.5 | P&L: $-3.11 | Capital: $105.02
2026-07-06 17:12:35,673 | INFO | Lote calculado: 0.02 | Capital: $105.02 | Risco: 10.0p + 1.3p = 11.3p | Risco USD: $2.10
2026-07-06 17:12:35,673 | WARNING | Perda registrada: $2.49 | Perdas hoje: 3/100
2026-07-06 17:12:35,674 | INFO | [2023-01-15 23:50] FECHAMENTO | Stop-loss atingido @ 1.12890 | Pips: -12.4 | P&L: $-2.49 | Capital: $102.53
2026-07-06 17:12:35,674 | INFO | Lote calculado: 0.02 | Capital: $102.53 | Risco: 10.0p + 1.3p = 11.3p | Risco USD: $2.05
2026-07-06 17:12:35,674 | INFO | Novo dia (2023-01-16). Resetando contadores de risco diário.
2026-07-06 17:12:35,679 | WARNING | Perda registrada: $2.23 | Perdas hoje: 1/100
2026-07-06 17:12:35,679 | INFO | [2023-01-16 06:05] FECHAMENTO | Stop-loss atingido @ 1.12982 | Pips: -11.1 | P&L: $-2.23 | Capital: $100.30
2026-07-06 17:12:35,679 | INFO | Lote calculado: 0.02 | Capital: $100.30 | Risco: 10.0p + 1.3p = 11.3p | Risco USD: $2.01
2026-07-06 17:12:35,682 | WARNING | Perda registrada: $2.33 | Perdas hoje: 2/100
2026-07-06 17:12:35,682 | INFO | [2023-01-16 10:40] FECHAMENTO | Stop-loss atingido @ 1.12803 | Pips: -11.6 | P&L: $-2.33 | Capital: $97.97
2026-07-06 17:12:35,691 | INFO | Lote calculado: 0.02 | Capital: $97.97 | Risco: 10.0p + 1.3p = 11.3p | Risco USD: $1.96
2026-07-06 17:12:35,692 | INFO | Lucro registrado: $3.87
2026-07-06 17:12:35,692 | INFO | [2023-01-16 22:20] FECHAMENTO | Take-profit atingido @ 1.13151 | Pips: +19.4 | P&L: +$3.87 | Capital: $101.84
2026-07-06 17:12:35,694 | INFO | Novo dia (2023-01-17). Resetando contadores de risco diário.
2026-07-06 17:12:35,694 | INFO | Lote calculado: 0.02 | Capital: $101.84 | Risco: 10.0p + 1.3p = 11.3p | Risco USD: $2.04
2026-07-06 17:12:35,703 | WARNING | Perda registrada: $2.21 | Perdas hoje: 1/100
2026-07-06 17:12:35,703 | INFO | [2023-01-17 11:50] FECHAMENTO | Stop-loss atingido @ 1.13337 | Pips: -11.0 | P&L: $-2.21 | Capital: $99.63
2026-07-06 17:12:35,711 | INFO | Lote calculado: 0.02 | Capital: $99.63 | Risco: 10.0p + 1.3p = 11.3p | Risco USD: $1.99
2026-07-06 17:12:35,713 | INFO | Novo dia (2023-01-18). Resetando contadores de risco diário.
2026-07-06 17:12:35,718 | INFO | Lucro registrado: $3.91
2026-07-06 17:12:35,718 | INFO | [2023-01-18 05:50] FECHAMENTO | Take-profit atingido @ 1.13635 | Pips: +19.5 | P&L: +$3.91 | Capital: $103.54
2026-07-06 17:12:35,721 | INFO | Lote calculado: 0.02 | Capital: $103.54 | Risco: 10.0p + 1.3p = 11.3p | Risco USD: $2.07
2026-07-06 17:12:35,722 | WARNING | Perda registrada: $3.07 | Perdas hoje: 1/100
2026-07-06 17:12:35,722 | INFO | [2023-01-18 09:20] FECHAMENTO | Stop-loss atingido @ 1.13606 | Pips: -15.3 | P&L: $-3.07 | Capital: $100.47
2026-07-06 17:12:35,722 | INFO | Lote calculado: 0.02 | Capital: $100.47 | Risco: 10.0p + 1.3p = 11.3p | Risco USD: $2.01
2026-07-06 17:12:35,723 | WARNING | Perda registrada: $2.57 | Perdas hoje: 2/100
2026-07-06 17:12:35,724 | INFO | [2023-01-18 11:20] FECHAMENTO | Stop-loss atingido @ 1.13497 | Pips: -12.8 | P&L: $-2.57 | Capital: $97.90
2026-07-06 17:12:35,725 | INFO | Lote calculado: 0.02 | Capital: $97.90 | Risco: 10.0p + 1.3p = 11.3p | Risco USD: $1.96
2026-07-06 17:12:35,733 | INFO | Novo dia (2023-01-19). Resetando contadores de risco diário.
2026-07-06 17:12:35,734 | WARNING | Perda registrada: $2.53 | Perdas hoje: 1/100
2026-07-06 17:12:35,735 | INFO | [2023-01-19 01:40] FECHAMENTO | Stop-loss atingido @ 1.13473 | Pips: -12.6 | P&L: $-2.53 | Capital: $95.37
2026-07-06 17:12:35,758 | INFO | Lote calculado: 0.02 | Capital: $95.37 | Risco: 10.0p + 1.3p = 11.3p | Risco USD: $1.91
2026-07-06 17:12:35,761 | WARNING | Perda registrada: $2.49 | Perdas hoje: 2/100
2026-07-06 17:12:35,761 | INFO | [2023-01-19 10:00] FECHAMENTO | Stop-loss atingido @ 1.13418 | Pips: -12.4 | P&L: $-2.49 | Capital: $92.88
2026-07-06 17:12:35,768 | INFO | Lote calculado: 0.02 | Capital: $92.88 | Risco: 10.0p + 1.3p = 11.3p | Risco USD: $1.86
2026-07-06 17:12:35,772 | INFO | Novo dia (2023-01-20). Resetando contadores de risco diário.
2026-07-06 17:12:35,773 | WARNING | Perda registrada: $2.39 | Perdas hoje: 1/100
2026-07-06 17:12:35,774 | INFO | [2023-01-20 01:20] FECHAMENTO | Stop-loss atingido @ 1.13327 | Pips: -11.9 | P&L: $-2.39 | Capital: $90.49
2026-07-06 17:12:35,775 | INFO | Lote calculado: 0.02 | Capital: $90.49 | Risco: 10.0p + 1.3p = 11.3p | Risco USD: $1.81
2026-07-06 17:12:35,777 | WARNING | Perda registrada: $2.39 | Perdas hoje: 2/100
2026-07-06 17:12:35,777 | INFO | [2023-01-20 05:05] FECHAMENTO | Stop-loss atingido @ 1.13212 | Pips: -11.9 | P&L: $-2.39 | Capital: $88.10
2026-07-06 17:12:35,780 | INFO | Lote calculado: 0.02 | Capital: $88.10 | Risco: 10.0p + 1.3p = 11.3p | Risco USD: $1.76
2026-07-06 17:12:35,780 | WARNING | Perda registrada: $2.29 | Perdas hoje: 3/100
2026-07-06 17:12:35,781 | INFO | [2023-01-20 08:55] FECHAMENTO | Stop-loss atingido @ 1.13239 | Pips: -11.4 | P&L: $-2.29 | Capital: $85.81
2026-07-06 17:12:35,785 | INFO | Lote calculado: 0.02 | Capital: $85.81 | Risco: 10.0p + 1.3p = 11.3p | Risco USD: $1.72
2026-07-06 17:12:35,787 | INFO | Lucro registrado: $4.63
2026-07-06 17:12:35,787 | INFO | [2023-01-20 17:05] FECHAMENTO | Take-profit atingido @ 1.13719 | Pips: +23.2 | P&L: +$4.63 | Capital: $90.44
2026-07-06 17:12:35,790 | INFO | Lote calculado: 0.02 | Capital: $90.44 | Risco: 10.0p + 1.3p = 11.3p | Risco USD: $1.81
2026-07-06 17:12:35,792 | INFO | Lucro registrado: $3.93
2026-07-06 17:12:35,793 | INFO | [2023-01-20 22:55] FECHAMENTO | Take-profit atingido @ 1.14112 | Pips: +19.6 | P&L: +$3.93 | Capital: $94.37
2026-07-06 17:12:35,794 | INFO | Novo dia (2023-01-21). Resetando contadores de risco diário.
2026-07-06 17:12:35,801 | INFO | Lote calculado: 0.02 | Capital: $94.37 | Risco: 10.0p + 1.3p = 11.3p | Risco USD: $1.89
2026-07-06 17:12:35,802 | WARNING | Perda registrada: $2.39 | Perdas hoje: 1/100
2026-07-06 17:12:35,802 | INFO | [2023-01-21 09:45] FECHAMENTO | Stop-loss atingido @ 1.14170 | Pips: -12.0 | P&L: $-2.39 | Capital: $91.98
2026-07-06 17:12:35,802 | INFO | Lote calculado: 0.02 | Capital: $91.98 | Risco: 10.0p + 1.3p = 11.3p | Risco USD: $1.84
2026-07-06 17:12:35,805 | WARNING | Perda registrada: $2.43 | Perdas hoje: 2/100
2026-07-06 17:12:35,805 | INFO | [2023-01-21 12:25] FECHAMENTO | Stop-loss atingido @ 1.14068 | Pips: -12.1 | P&L: $-2.43 | Capital: $89.55
2026-07-06 17:12:35,815 | INFO | Novo dia (2023-01-22). Resetando contadores de risco diário.
2026-07-06 17:12:35,815 | INFO | Lote calculado: 0.02 | Capital: $89.55 | Risco: 10.0p + 1.3p = 11.3p | Risco USD: $1.79
2026-07-06 17:12:35,818 | INFO | Lucro registrado: $5.27
2026-07-06 17:12:35,818 | INFO | [2023-01-22 03:55] FECHAMENTO | Take-profit atingido @ 1.14575 | Pips: +26.4 | P&L: +$5.27 | Capital: $94.82
2026-07-06 17:12:35,823 | INFO | Lote calculado: 0.02 | Capital: $94.82 | Risco: 10.0p + 1.3p = 11.3p | Risco USD: $1.90
2026-07-06 17:12:35,825 | INFO | Lucro registrado: $3.93
2026-07-06 17:12:35,825 | INFO | [2023-01-22 12:35] FECHAMENTO | Take-profit atingido @ 1.14917 | Pips: +19.6 | P&L: +$3.93 | Capital: $98.75
2026-07-06 17:12:35,826 | INFO | Lote calculado: 0.02 | Capital: $98.75 | Risco: 10.0p + 1.3p = 11.3p | Risco USD: $1.98
2026-07-06 17:12:35,828 | INFO | Lucro registrado: $3.87
2026-07-06 17:12:35,828 | INFO | [2023-01-22 15:20] FECHAMENTO | Take-profit atingido @ 1.15033 | Pips: +19.4 | P&L: +$3.87 | Capital: $102.62
2026-07-06 17:12:35,834 | INFO | Lote calculado: 0.02 | Capital: $102.62 | Risco: 10.0p + 1.3p = 11.3p | Risco USD: $2.05
2026-07-06 17:12:35,834 | WARNING | Perda registrada: $3.01 | Perdas hoje: 1/100
2026-07-06 17:12:35,834 | INFO | [2023-01-22 22:15] FECHAMENTO | Stop-loss atingido @ 1.15603 | Pips: -15.1 | P&L: $-3.01 | Capital: $99.61
2026-07-06 17:12:35,836 | INFO | Novo dia (2023-01-23). Resetando contadores de risco diário.
2026-07-06 17:12:35,837 | INFO | Lote calculado: 0.02 | Capital: $99.61 | Risco: 10.0p + 1.3p = 11.3p | Risco USD: $1.99
2026-07-06 17:12:35,838 | WARNING | Perda registrada: $2.49 | Perdas hoje: 1/100
2026-07-06 17:12:35,838 | INFO | [2023-01-23 02:35] FECHAMENTO | Stop-loss atingido @ 1.15600 | Pips: -12.4 | P&L: $-2.49 | Capital: $97.12
2026-07-06 17:12:35,839 | INFO | Lote calculado: 0.02 | Capital: $97.12 | Risco: 10.0p + 1.3p = 11.3p | Risco USD: $1.94
2026-07-06 17:12:35,840 | WARNING | Perda registrada: $2.41 | Perdas hoje: 2/100
2026-07-06 17:12:35,840 | INFO | [2023-01-23 04:45] FECHAMENTO | Stop-loss atingido @ 1.15499 | Pips: -12.0 | P&L: $-2.41 | Capital: $94.71
2026-07-06 17:12:35,843 | INFO | Lote calculado: 0.02 | Capital: $94.71 | Risco: 10.0p + 1.3p = 11.3p | Risco USD: $1.89
2026-07-06 17:12:35,845 | WARNING | Perda registrada: $2.37 | Perdas hoje: 3/100
2026-07-06 17:12:35,845 | INFO | [2023-01-23 10:05] FECHAMENTO | Stop-loss atingido @ 1.15425 | Pips: -11.8 | P&L: $-2.37 | Capital: $92.34
2026-07-06 17:12:35,849 | INFO | Lote calculado: 0.02 | Capital: $92.34 | Risco: 10.0p + 1.3p = 11.3p | Risco USD: $1.85
2026-07-06 17:12:35,855 | INFO | Lucro registrado: $4.19
2026-07-06 17:12:35,855 | INFO | [2023-01-23 22:25] FECHAMENTO | Take-profit atingido @ 1.15838 | Pips: +20.9 | P&L: +$4.19 | Capital: $96.53
2026-07-06 17:12:35,856 | INFO | Lote calculado: 0.02 | Capital: $96.53 | Risco: 10.0p + 1.3p = 11.3p | Risco USD: $1.93
2026-07-06 17:12:35,856 | INFO | Novo dia (2023-01-24). Resetando contadores de risco diário.
2026-07-06 17:12:35,858 | INFO | Lucro registrado: $4.17
2026-07-06 17:12:35,858 | INFO | [2023-01-24 02:10] FECHAMENTO | Take-profit atingido @ 1.16004 | Pips: +20.9 | P&L: +$4.17 | Capital: $100.70
2026-07-06 17:12:35,860 | INFO | Lote calculado: 0.02 | Capital: $100.70 | Risco: 10.0p + 1.3p = 11.3p | Risco USD: $2.01
2026-07-06 17:12:35,862 | INFO | Lucro registrado: $4.21
2026-07-06 17:12:35,862 | INFO | [2023-01-24 06:30] FECHAMENTO | Take-profit atingido @ 1.16170 | Pips: +21.1 | P&L: +$4.21 | Capital: $104.91
2026-07-06 17:12:35,862 | INFO | Lote calculado: 0.02 | Capital: $104.91 | Risco: 10.0p + 1.3p = 11.3p | Risco USD: $2.10
2026-07-06 17:12:35,864 | INFO | Lucro registrado: $3.97
2026-07-06 17:12:35,865 | INFO | [2023-01-24 09:30] FECHAMENTO | Take-profit atingido @ 1.16270 | Pips: +19.9 | P&L: +$3.97 | Capital: $108.88
2026-07-06 17:12:35,868 | INFO | Lote calculado: 0.02 | Capital: $108.88 | Risco: 10.0p + 1.3p = 11.3p | Risco USD: $2.18
2026-07-06 17:12:35,870 | INFO | Lucro registrado: $4.43
2026-07-06 17:12:35,870 | INFO | [2023-01-24 15:50] FECHAMENTO | Take-profit atingido @ 1.16528 | Pips: +22.2 | P&L: +$4.43 | Capital: $113.31
2026-07-06 17:12:35,872 | INFO | Lote calculado: 0.02 | Capital: $113.31 | Risco: 10.0p + 1.3p = 11.3p | Risco USD: $2.27
2026-07-06 17:12:35,876 | INFO | Lucro registrado: $4.31
2026-07-06 17:12:35,876 | INFO | [2023-01-24 23:00] FECHAMENTO | Take-profit atingido @ 1.16977 | Pips: +21.6 | P&L: +$4.31 | Capital: $117.62
2026-07-06 17:12:35,877 | INFO | Novo dia (2023-01-25). Resetando contadores de risco diário.
2026-07-06 17:12:35,877 | INFO | Lote calculado: 0.02 | Capital: $117.62 | Risco: 10.0p + 1.3p = 11.3p | Risco USD: $2.35
2026-07-06 17:12:35,879 | WARNING | Perda registrada: $2.43 | Perdas hoje: 1/100
2026-07-06 17:12:35,879 | INFO | [2023-01-25 03:10] FECHAMENTO | Stop-loss atingido @ 1.16780 | Pips: -12.1 | P&L: $-2.43 | Capital: $115.19
2026-07-06 17:12:35,882 | INFO | Lote calculado: 0.02 | Capital: $115.19 | Risco: 10.0p + 1.3p = 11.3p | Risco USD: $2.30
2026-07-06 17:12:35,886 | WARNING | Perda registrada: $2.57 | Perdas hoje: 2/100
2026-07-06 17:12:35,886 | INFO | [2023-01-25 11:05] FECHAMENTO | Stop-loss atingido @ 1.16676 | Pips: -12.8 | P&L: $-2.57 | Capital: $112.62
2026-07-06 17:12:35,894 | INFO | Lote calculado: 0.02 | Capital: $112.62 | Risco: 10.0p + 1.3p = 11.3p | Risco USD: $2.25
2026-07-06 17:12:35,897 | INFO | Novo dia (2023-01-26). Resetando contadores de risco diário.
2026-07-06 17:12:35,904 | WARNING | Perda registrada: $2.51 | Perdas hoje: 1/100
2026-07-06 17:12:35,904 | INFO | [2023-01-26 08:30] FECHAMENTO | Stop-loss atingido @ 1.16774 | Pips: -12.6 | P&L: $-2.51 | Capital: $110.11
2026-07-06 17:12:35,905 | INFO | Lote calculado: 0.02 | Capital: $110.11 | Risco: 10.0p + 1.3p = 11.3p | Risco USD: $2.20
2026-07-06 17:12:35,905 | WARNING | Perda registrada: $2.65 | Perdas hoje: 2/100
2026-07-06 17:12:35,905 | INFO | [2023-01-26 10:10] FECHAMENTO | Stop-loss atingido @ 1.16924 | Pips: -13.3 | P&L: $-2.65 | Capital: $107.46
2026-07-06 17:12:35,906 | INFO | Lote calculado: 0.02 | Capital: $107.46 | Risco: 10.0p + 1.3p = 11.3p | Risco USD: $2.15
2026-07-06 17:12:35,907 | INFO | Lucro registrado: $4.09
2026-07-06 17:12:35,907 | INFO | [2023-01-26 11:55] FECHAMENTO | Take-profit atingido @ 1.17166 | Pips: +20.5 | P&L: +$4.09 | Capital: $111.55
2026-07-06 17:12:35,909 | INFO | Lote calculado: 0.02 | Capital: $111.55 | Risco: 10.0p + 1.3p = 11.3p | Risco USD: $2.23
2026-07-06 17:12:35,910 | WARNING | Perda registrada: $2.65 | Perdas hoje: 3/100
2026-07-06 17:12:35,910 | INFO | [2023-01-26 15:10] FECHAMENTO | Stop-loss atingido @ 1.16934 | Pips: -13.2 | P&L: $-2.65 | Capital: $108.90
2026-07-06 17:12:35,918 | INFO | Novo dia (2023-01-27). Resetando contadores de risco diário.
2026-07-06 17:12:35,918 | INFO | Lote calculado: 0.02 | Capital: $108.90 | Risco: 10.0p + 1.3p = 11.3p | Risco USD: $2.18
2026-07-06 17:12:35,921 | INFO | Lucro registrado: $4.25
2026-07-06 17:12:35,921 | INFO | [2023-01-27 03:15] FECHAMENTO | Take-profit atingido @ 1.17684 | Pips: +21.3 | P&L: +$4.25 | Capital: $113.15
2026-07-06 17:12:35,924 | INFO | Lote calculado: 0.02 | Capital: $113.15 | Risco: 10.0p + 1.3p = 11.3p | Risco USD: $2.26
2026-07-06 17:12:35,926 | WARNING | Perda registrada: $2.13 | Perdas hoje: 1/100
2026-07-06 17:12:35,926 | INFO | [2023-01-27 08:35] FECHAMENTO | Stop-loss atingido @ 1.17690 | Pips: -10.6 | P&L: $-2.13 | Capital: $111.02
2026-07-06 17:12:35,926 | INFO | Lote calculado: 0.02 | Capital: $111.02 | Risco: 10.0p + 1.3p = 11.3p | Risco USD: $2.22
2026-07-06 17:12:35,931 | INFO | Lucro registrado: $3.97
2026-07-06 17:12:35,931 | INFO | [2023-01-27 14:25] FECHAMENTO | Take-profit atingido @ 1.17908 | Pips: +19.8 | P&L: +$3.97 | Capital: $114.99
2026-07-06 17:12:35,932 | INFO | Lote calculado: 0.02 | Capital: $114.99 | Risco: 10.0p + 1.3p = 11.3p | Risco USD: $2.30
2026-07-06 17:12:35,933 | WARNING | Perda registrada: $2.13 | Perdas hoje: 2/100
2026-07-06 17:12:35,933 | INFO | [2023-01-27 16:50] FECHAMENTO | Stop-loss atingido @ 1.17807 | Pips: -10.7 | P&L: $-2.13 | Capital: $112.86
2026-07-06 17:12:35,933 | INFO | Lote calculado: 0.02 | Capital: $112.86 | Risco: 10.0p + 1.3p = 11.3p | Risco USD: $2.26
2026-07-06 17:12:35,933 | WARNING | Perda registrada: $2.19 | Perdas hoje: 3/100
2026-07-06 17:12:35,933 | INFO | [2023-01-27 17:05] FECHAMENTO | Stop-loss atingido @ 1.17717 | Pips: -10.9 | P&L: $-2.19 | Capital: $110.67
2026-07-06 17:12:35,934 | INFO | Lote calculado: 0.02 | Capital: $110.67 | Risco: 10.0p + 1.3p = 11.3p | Risco USD: $2.21
2026-07-06 17:12:35,934 | INFO | Lucro registrado: $4.37
2026-07-06 17:12:35,934 | INFO | [2023-01-27 18:05] FECHAMENTO | Take-profit atingido @ 1.17955 | Pips: +21.9 | P&L: +$4.37 | Capital: $115.04
2026-07-06 17:12:35,936 | INFO | Lote calculado: 0.02 | Capital: $115.04 | Risco: 10.0p + 1.3p = 11.3p | Risco USD: $2.30
2026-07-06 17:12:35,938 | WARNING | Perda registrada: $2.21 | Perdas hoje: 4/100
2026-07-06 17:12:35,938 | INFO | [2023-01-27 22:15] FECHAMENTO | Stop-loss atingido @ 1.17828 | Pips: -11.0 | P&L: $-2.21 | Capital: $112.83
2026-07-06 17:12:35,940 | INFO | Novo dia (2023-01-28). Resetando contadores de risco diário.
2026-07-06 17:12:35,942 | INFO | Lote calculado: 0.02 | Capital: $112.83 | Risco: 10.0p + 1.3p = 11.3p | Risco USD: $2.26
2026-07-06 17:12:35,946 | INFO | Lucro registrado: $4.13
2026-07-06 17:12:35,946 | INFO | [2023-01-28 08:05] FECHAMENTO | Take-profit atingido @ 1.17498 | Pips: +20.7 | P&L: +$4.13 | Capital: $116.96
2026-07-06 17:12:35,948 | INFO | Lote calculado: 0.02 | Capital: $116.96 | Risco: 10.0p + 1.3p = 11.3p | Risco USD: $2.34
2026-07-06 17:12:35,949 | WARNING | Perda registrada: $2.17 | Perdas hoje: 1/100
2026-07-06 17:12:35,949 | INFO | [2023-01-28 11:05] FECHAMENTO | Stop-loss atingido @ 1.17555 | Pips: -10.9 | P&L: $-2.17 | Capital: $114.79
2026-07-06 17:12:35,949 | INFO | Lote calculado: 0.02 | Capital: $114.79 | Risco: 10.0p + 1.3p = 11.3p | Risco USD: $2.30
2026-07-06 17:12:35,952 | WARNING | Perda registrada: $2.15 | Perdas hoje: 2/100
2026-07-06 17:12:35,953 | INFO | [2023-01-28 15:40] FECHAMENTO | Stop-loss atingido @ 1.17643 | Pips: -10.7 | P&L: $-2.15 | Capital: $112.64
2026-07-06 17:12:35,958 | INFO | Lote calculado: 0.02 | Capital: $112.64 | Risco: 10.0p + 1.3p = 11.3p | Risco USD: $2.25
2026-07-06 17:12:35,959 | INFO | Novo dia (2023-01-29). Resetando contadores de risco diário.
2026-07-06 17:12:35,962 | INFO | Lucro registrado: $3.91
2026-07-06 17:12:35,962 | INFO | [2023-01-29 02:35] FECHAMENTO | Take-profit atingido @ 1.17354 | Pips: +19.5 | P&L: +$3.91 | Capital: $116.55
2026-07-06 17:12:35,969 | INFO | Lote calculado: 0.02 | Capital: $116.55 | Risco: 10.0p + 1.3p = 11.3p | Risco USD: $2.33
2026-07-06 17:12:35,969 | WARNING | Perda registrada: $2.61 | Perdas hoje: 1/100
2026-07-06 17:12:35,969 | INFO | [2023-01-29 11:35] FECHAMENTO | Stop-loss atingido @ 1.17345 | Pips: -13.1 | P&L: $-2.61 | Capital: $113.94
2026-07-06 17:12:35,969 | INFO | Lote calculado: 0.02 | Capital: $113.94 | Risco: 10.0p + 1.3p = 11.3p | Risco USD: $2.28
2026-07-06 17:12:35,971 | WARNING | Perda registrada: $2.51 | Perdas hoje: 2/100
2026-07-06 17:12:35,971 | INFO | [2023-01-29 13:20] FECHAMENTO | Stop-loss atingido @ 1.17451 | Pips: -12.5 | P&L: $-2.51 | Capital: $111.43
2026-07-06 17:12:35,976 | INFO | Lote calculado: 0.02 | Capital: $111.43 | Risco: 10.0p + 1.3p = 11.3p | Risco USD: $2.23
2026-07-06 17:12:35,980 | INFO | Novo dia (2023-01-30). Resetando contadores de risco diário.
2026-07-06 17:12:35,982 | WARNING | Perda registrada: $2.39 | Perdas hoje: 1/100
2026-07-06 17:12:35,982 | INFO | [2023-01-30 01:50] FECHAMENTO | Stop-loss atingido @ 1.17353 | Pips: -11.9 | P&L: $-2.39 | Capital: $109.04
2026-07-06 17:12:35,991 | INFO | Lote calculado: 0.02 | Capital: $109.04 | Risco: 10.0p + 1.3p = 11.3p | Risco USD: $2.18
2026-07-06 17:12:36,000 | INFO | Novo dia (2023-01-31). Resetando contadores de risco diário.
2026-07-06 17:12:36,000 | INFO | Lucro registrado: $4.35
2026-07-06 17:12:36,000 | INFO | [2023-01-31 00:30] FECHAMENTO | Take-profit atingido @ 1.17970 | Pips: +21.8 | P&L: +$4.35 | Capital: $113.39
2026-07-06 17:12:36,002 | INFO | Lote calculado: 0.02 | Capital: $113.39 | Risco: 10.0p + 1.3p = 11.3p | Risco USD: $2.27
2026-07-06 17:12:36,010 | INFO | Lucro registrado: $3.87
2026-07-06 17:12:36,010 | INFO | [2023-01-31 13:15] FECHAMENTO | Take-profit atingido @ 1.18209 | Pips: +19.4 | P&L: +$3.87 | Capital: $117.26
2026-07-06 17:12:36,015 | INFO | Lote calculado: 0.02 | Capital: $117.26 | Risco: 10.0p + 1.3p = 11.3p | Risco USD: $2.35
2026-07-06 17:12:36,018 | INFO | Lucro registrado: $4.47
2026-07-06 17:12:36,019 | INFO | [2023-01-31 23:00] FECHAMENTO | Take-profit atingido @ 1.18733 | Pips: +22.3 | P&L: +$4.47 | Capital: $121.73
2026-07-06 17:12:36,020 | INFO | Novo dia (2023-02-01). Resetando contadores de risco diário.
2026-07-06 17:12:36,021 | INFO | Lote calculado: 0.02 | Capital: $121.73 | Risco: 10.0p + 1.3p = 11.3p | Risco USD: $2.43
2026-07-06 17:12:36,021 | WARNING | Perda registrada: $2.87 | Perdas hoje: 1/100
2026-07-06 17:12:36,021 | INFO | [2023-02-01 01:30] FECHAMENTO | Stop-loss atingido @ 1.18697 | Pips: -14.3 | P&L: $-2.87 | Capital: $118.86
2026-07-06 17:12:36,021 | INFO | Lote calculado: 0.02 | Capital: $118.86 | Risco: 10.0p + 1.3p = 11.3p | Risco USD: $2.38
2026-07-06 17:12:36,024 | WARNING | Perda registrada: $2.73 | Perdas hoje: 2/100
2026-07-06 17:12:36,024 | INFO | [2023-02-01 05:05] FECHAMENTO | Stop-loss atingido @ 1.18580 | Pips: -13.7 | P&L: $-2.73 | Capital: $116.13
2026-07-06 17:12:36,024 | INFO | Lote calculado: 0.02 | Capital: $116.13 | Risco: 10.0p + 1.3p = 11.3p | Risco USD: $2.32
2026-07-06 17:12:36,026 | INFO | Lucro registrado: $2.09
2026-07-06 17:12:36,026 | INFO | [2023-02-01 06:55] FECHAMENTO | Fim do período de backtest | Pips: +10.5 | P&L: +$2.09 | Capital: $118.22
2026-07-06 17:12:36,026 | INFO | [DIAGNÓSTICO RSI_REV] Candles: 4024 → sessão: 4024 → risco ok: 4024 → RSI(3)<5.0/95.0: 635 → EMA(200): 110 → trades: 110
2026-07-06 17:12:36,026 | INFO | Backtest concluído | Trades: 110 | Capital final: $118.22
2026-07-06 17:12:36,028 | INFO | =======================================================
2026-07-06 17:12:36,028 | INFO |            RELATÓRIO DE BACKTEST — BOT RAFI
2026-07-06 17:12:36,028 | INFO | =======================================================
2026-07-06 17:12:36,028 | INFO |   Total de trades  : 110
2026-07-06 17:12:36,028 | INFO |   Ganhos / Perdas  : 45 / 65
2026-07-06 17:12:36,028 | INFO |   Win Rate         : 40.9%
2026-07-06 17:12:36,028 | INFO |   Profit Factor    : 1.124
2026-07-06 17:12:36,028 | INFO |   Expectativa/trade: $0.17
2026-07-06 17:12:36,028 | INFO |   Retorno total    : $18.22 (18.2%)
2026-07-06 17:12:36,028 | INFO |   Capital inicial  : $100.00
2026-07-06 17:12:36,028 | INFO |   Capital final    : $118.22
2026-07-06 17:12:36,028 | INFO |   Drawdown máximo  : $23.17 (19.0%)
2026-07-06 17:12:36,028 | INFO |   Sharpe Ratio     : 0.778
2026-07-06 17:12:36,028 | INFO |   Duração média    : 208 min
2026-07-06 17:12:36,029 | INFO | =======================================================
2026-07-06 17:12:36,029 | WARNING |   ⚠ Win rate abaixo da meta (55%): 40.9%
2026-07-06 17:12:36,029 | WARNING |   ⚠ Profit factor abaixo da meta (1.5): 1.124
2026-07-06 17:12:36,029 | INFO |   Resultados por mês:
2026-07-06 17:12:36,029 | INFO |     2023-01: +$21.73
2026-07-06 17:12:36,029 | INFO |     2023-02: $-3.51
2026-07-06 17:12:36,029 | INFO | =======================================================
2026-07-06 17:12:36,029 | WARNING | ✘ Metas de Fase 1A não atingidas — revisar parâmetros
2026-09-03 20:59:44,546 | INFO | === Bot RAFI — Iniciando backtest ===
2026-09-03 20:59:44,547 | INFO | Config hash: 47e01c88 (arquivo: config.yaml)
2026-09-03 20:59:44,547 | INFO | Carregando dados CSV: M5=data/EURUSD_demo_jan2025.csv (M15 será gerado do M5)
2026-09-03 20:59:44,566 | INFO | CSV carregado | M5: 1440 | M15: 1440
2026-09-03 20:59:44,567 | INFO | Pré-calculando indicadores (RAFI, MA20/50 M5, S/R)...
2026-09-03 20:59:44,575 | INFO | Sessões ativas: ['00:00–23:59']
2026-09-03 20:59:44,575 | INFO | Iniciando backtest | Período: 2025-01-06 00:00:00+00:00 → 2025-01-10 23:55:00+00:00 | Candles M5: 1440 | Capital: $100.00 | Max simultâneos: 1
2026-09-03 20:59:44,575 | INFO | Novo dia (2025-01-06). Resetando contadores diários.
2026-09-03 20:59:44,575 | INFO | Nova semana (2025-W02). P&L semana anterior: $0.00 | Losses seguidos: 0
2026-09-03 20:59:44,578 | INFO | Lote [faixa]: 0.4 | Capital: $100.00 | Pip value: $4.00/pip | Losses seguidos: 0
2026-09-03 20:59:44,578 | INFO | [2025-01-06 14:05] AUTOSCAN COMPRA | Lote: 0.4 | Entry: 1.03232 | SL: 1.03199 | TP: 1.03281 | Risco: 3.3p ($13.20) | Capital: $100.00
2026-09-03 20:59:44,580 | INFO | Lucro: $20.20 | P&L semana: $20.20
2026-09-03 20:59:44,580 | INFO | [2025-01-06 15:35] FECHAMENTO | Take-profit atingido @ 1.03289 | Pips: +5.1 | P&L: +$20.20 | Capital: $120.20
2026-09-03 20:59:44,580 | INFO | Lote [faixa]: 0.4 | Capital: $120.20 | Pip value: $4.00/pip | Losses seguidos: 0
2026-09-03 20:59:44,580 | INFO | [2025-01-06 15:35] AUTOSCAN COMPRA | Lote: 0.4 | Entry: 1.03283 | SL: 1.03251 | TP: 1.03331 | Risco: 3.2p ($12.80) | Capital: $120.20
2026-09-03 20:59:44,581 | WARNING | Perda: $17.40 | Perdas hoje: 1/100 | Losses seguidos: 1/3
2026-09-03 20:59:44,581 | INFO | [2025-01-06 16:10] FECHAMENTO | Stop-loss atingido @ 1.03246 | Pips: -4.3 | P&L: $-17.40 | Capital: $102.80
2026-09-03 20:59:44,589 | INFO | Lote [faixa]: 0.4 | Capital: $102.80 | Pip value: $4.00/pip | Losses seguidos: 1
2026-09-03 20:59:44,589 | INFO | [2025-01-06 20:00] AUTOSCAN VENDA | Lote: 0.4 | Entry: 1.03289 | SL: 1.03315 | TP: 1.03250 | Risco: 2.6p ($10.40) | Capital: $102.80
2026-09-03 20:59:44,589 | INFO | Lucro: $13.40 | P&L semana: $16.20
2026-09-03 20:59:44,589 | INFO | [2025-01-06 20:10] FECHAMENTO | Take-profit atingido @ 1.03249 | Pips: +3.4 | P&L: +$13.40 | Capital: $116.20
2026-09-03 20:59:44,595 | INFO | Lote [faixa]: 0.4 | Capital: $116.20 | Pip value: $4.00/pip | Losses seguidos: 0
2026-09-03 20:59:44,595 | INFO | [2025-01-06 23:10] AUTOSCAN VENDA | Lote: 0.4 | Entry: 1.03151 | SL: 1.03170 | TP: 1.03122 | Risco: 1.9p ($7.60) | Capital: $116.20
2026-09-03 20:59:44,596 | INFO | Novo dia (2025-01-07). Resetando contadores diários.
2026-09-03 20:59:44,596 | INFO | Lucro: $9.00 | P&L semana: $25.20
2026-09-03 20:59:44,597 | INFO | [2025-01-07 00:25] FECHAMENTO | Take-profit atingido @ 1.03122 | Pips: +2.2 | P&L: +$9.00 | Capital: $125.20
2026-09-03 20:59:44,599 | INFO | Lote [faixa]: 0.4 | Capital: $125.20 | Pip value: $4.00/pip | Losses seguidos: 0
2026-09-03 20:59:44,600 | INFO | [2025-01-07 01:40] AUTOSCAN COMPRA | Lote: 0.4 | Entry: 1.03167 | SL: 1.03145 | TP: 1.03200 | Risco: 2.2p ($8.80) | Capital: $125.20
2026-09-03 20:59:44,600 | INFO | Lucro: $12.60 | P&L semana: $37.80
2026-09-03 20:59:44,600 | INFO | [2025-01-07 02:00] FECHAMENTO | Take-profit atingido @ 1.03205 | Pips: +3.1 | P&L: +$12.60 | Capital: $137.80
2026-09-03 20:59:44,605 | INFO | Lote [faixa]: 0.4 | Capital: $137.80 | Pip value: $4.00/pip | Losses seguidos: 0
2026-09-03 20:59:44,605 | INFO | [2025-01-07 04:25] AUTOSCAN VENDA | Lote: 0.4 | Entry: 1.03148 | SL: 1.03169 | TP: 1.03116 | Risco: 2.1p ($8.40) | Capital: $137.80
2026-09-03 20:59:44,607 | INFO | Lucro: $10.60 | P&L semana: $48.40
2026-09-03 20:59:44,607 | INFO | [2025-01-07 06:45] FECHAMENTO | Take-profit atingido @ 1.03115 | Pips: +2.6 | P&L: +$10.60 | Capital: $148.40
2026-09-03 20:59:44,608 | INFO | Lote [faixa]: 0.4 | Capital: $148.40 | Pip value: $4.00/pip | Losses seguidos: 0
2026-09-03 20:59:44,608 | INFO | [2025-01-07 07:00] AUTOSCAN VENDA | Lote: 0.4 | Entry: 1.03111 | SL: 1.03143 | TP: 1.03063 | Risco: 3.2p ($12.80) | Capital: $148.40
2026-09-03 20:59:44,609 | INFO | Lucro: $17.80 | P&L semana: $66.20
2026-09-03 20:59:44,610 | INFO | [2025-01-07 08:20] FECHAMENTO | Take-profit atingido @ 1.03060 | Pips: +4.5 | P&L: +$17.80 | Capital: $166.20
2026-09-03 20:59:44,610 | INFO | Lote [faixa]: 0.7 | Capital: $166.20 | Pip value: $7.00/pip | Losses seguidos: 0
2026-09-03 20:59:44,610 | INFO | [2025-01-07 08:20] AUTOSCAN VENDA | Lote: 0.7 | Entry: 1.03064 | SL: 1.03089 | TP: 1.03026 | Risco: 2.5p ($17.50) | Capital: $166.20
2026-09-03 20:59:44,610 | INFO | Lucro: $22.05 | P&L semana: $88.25
2026-09-03 20:59:44,611 | INFO | [2025-01-07 08:40] FECHAMENTO | Take-profit atingido @ 1.03026 | Pips: +3.2 | P&L: +$22.05 | Capital: $188.25
2026-09-03 20:59:44,613 | INFO | Lote [faixa]: 0.7 | Capital: $188.25 | Pip value: $7.00/pip | Losses seguidos: 0
2026-09-03 20:59:44,613 | INFO | [2025-01-07 09:50] AUTOSCAN COMPRA | Lote: 0.7 | Entry: 1.03122 | SL: 1.03087 | TP: 1.03175 | Risco: 3.5p ($24.50) | Capital: $188.25
2026-09-03 20:59:44,613 | INFO | Lucro: $36.75 | P&L semana: $125.00
2026-09-03 20:59:44,613 | INFO | [2025-01-07 10:10] FECHAMENTO | Take-profit atingido @ 1.03181 | Pips: +5.2 | P&L: +$36.75 | Capital: $225.00
2026-09-03 20:59:44,615 | INFO | Lote [faixa]: 1.0 | Capital: $225.00 | Pip value: $10.00/pip | Losses seguidos: 0
2026-09-03 20:59:44,615 | INFO | [2025-01-07 11:00] AUTOSCAN COMPRA | Lote: 1.0 | Entry: 1.03254 | SL: 1.03219 | TP: 1.03307 | Risco: 3.5p ($35.00) | Capital: $225.00
2026-09-03 20:59:44,616 | INFO | Lucro: $64.50 | P&L semana: $189.50
2026-09-03 20:59:44,616 | INFO | [2025-01-07 12:00] FECHAMENTO | Take-profit atingido @ 1.03325 | Pips: +6.5 | P&L: +$64.50 | Capital: $289.50
2026-09-03 20:59:44,617 | INFO | Lote [faixa]: 1.0 | Capital: $289.50 | Pip value: $10.00/pip | Losses seguidos: 0
2026-09-03 20:59:44,617 | INFO | [2025-01-07 12:00] AUTOSCAN COMPRA | Lote: 1.0 | Entry: 1.03312 | SL: 1.03278 | TP: 1.03363 | Risco: 3.4p ($34.00) | Capital: $289.50
2026-09-03 20:59:44,617 | WARNING | Perda: $40.50 | Perdas hoje: 1/100 | Losses seguidos: 1/3
2026-09-03 20:59:44,617 | INFO | [2025-01-07 12:30] FECHAMENTO | Stop-loss atingido @ 1.03278 | Pips: -4.0 | P&L: $-40.50 | Capital: $249.00
2026-09-03 20:59:44,624 | INFO | Lote [faixa]: 1.0 | Capital: $249.00 | Pip value: $10.00/pip | Losses seguidos: 1
2026-09-03 20:59:44,624 | INFO | [2025-01-07 15:20] AUTOSCAN COMPRA | Lote: 1.0 | Entry: 1.03294 | SL: 1.03271 | TP: 1.03328 | Risco: 2.3p ($23.00) | Capital: $249.00
2026-09-03 20:59:44,625 | INFO | Lucro: $29.50 | P&L semana: $178.50
2026-09-03 20:59:44,625 | INFO | [2025-01-07 15:50] FECHAMENTO | Take-profit atingido @ 1.03330 | Pips: +3.0 | P&L: +$29.50 | Capital: $278.50
2026-09-03 20:59:44,625 | INFO | Lote [faixa]: 1.0 | Capital: $278.50 | Pip value: $10.00/pip | Losses seguidos: 0
2026-09-03 20:59:44,626 | INFO | [2025-01-07 16:00] AUTOSCAN COMPRA | Lote: 1.0 | Entry: 1.03348 | SL: 1.03307 | TP: 1.03410 | Risco: 4.1p ($41.00) | Capital: $278.50
2026-09-03 20:59:44,627 | INFO | Lucro: $58.50 | P&L semana: $237.00
2026-09-03 20:59:44,627 | INFO | [2025-01-07 17:45] FECHAMENTO | Take-profit atingido @ 1.03413 | Pips: +5.9 | P&L: +$58.50 | Capital: $337.00
2026-09-03 20:59:44,629 | INFO | Lote [faixa]: 1.0 | Capital: $337.00 | Pip value: $10.00/pip | Losses seguidos: 0
2026-09-03 20:59:44,630 | INFO | [2025-01-07 18:40] AUTOSCAN COMPRA | Lote: 1.0 | Entry: 1.03439 | SL: 1.03412 | TP: 1.03479 | Risco: 2.7p ($27.00) | Capital: $337.00
2026-09-03 20:59:44,632 | INFO | Lucro: $39.50 | P&L semana: $276.50
2026-09-03 20:59:44,632 | INFO | [2025-01-07 21:30] FECHAMENTO | Take-profit atingido @ 1.03485 | Pips: +4.0 | P&L: +$39.50 | Capital: $376.50
2026-09-03 20:59:44,634 | INFO | Lote [faixa]: 1.0 | Capital: $376.50 | Pip value: $10.00/pip | Losses seguidos: 0
2026-09-03 20:59:44,634 | INFO | [2025-01-07 22:35] AUTOSCAN COMPRA | Lote: 1.0 | Entry: 1.03525 | SL: 1.03500 | TP: 1.03562 | Risco: 2.5p ($25.00) | Capital: $376.50
2026-09-03 20:59:44,635 | INFO | Lucro: $32.50 | P&L semana: $309.00
2026-09-03 20:59:44,636 | INFO | [2025-01-07 23:35] FECHAMENTO | Take-profit atingido @ 1.03564 | Pips: +3.2 | P&L: +$32.50 | Capital: $409.00
2026-09-03 20:59:44,636 | INFO | Lote [faixa]: 2.0 | Capital: $409.00 | Pip value: $20.00/pip | Losses seguidos: 0
2026-09-03 20:59:44,636 | INFO | [2025-01-07 23:40] AUTOSCAN COMPRA | Lote: 2.0 | Entry: 1.03564 | SL: 1.03545 | TP: 1.03592 | Risco: 1.9p ($38.00) | Capital: $409.00
2026-09-03 20:59:44,636 | INFO | Novo dia (2025-01-08). Resetando contadores diários.
2026-09-03 20:59:44,637 | INFO | Lucro: $47.00 | P&L semana: $356.00
2026-09-03 20:59:44,638 | INFO | [2025-01-08 01:10] FECHAMENTO | Take-profit atingido @ 1.03594 | Pips: +2.4 | P&L: +$47.00 | Capital: $456.00
2026-09-03 20:59:44,643 | INFO | Lote [faixa]: 2.0 | Capital: $456.00 | Pip value: $20.00/pip | Losses seguidos: 0
2026-09-03 20:59:44,643 | INFO | [2025-01-08 03:45] AUTOSCAN VENDA | Lote: 2.0 | Entry: 1.03559 | SL: 1.03578 | TP: 1.03531 | Risco: 1.9p ($38.00) | Capital: $456.00
2026-09-03 20:59:44,643 | INFO | Lucro: $45.00 | P&L semana: $401.00
2026-09-03 20:59:44,643 | INFO | [2025-01-08 04:00] FECHAMENTO | Take-profit atingido @ 1.03530 | Pips: +2.2 | P&L: +$45.00 | Capital: $501.00
2026-09-03 20:59:44,646 | INFO | Lote [faixa]: 2.0 | Capital: $501.00 | Pip value: $20.00/pip | Losses seguidos: 0
2026-09-03 20:59:44,647 | INFO | [2025-01-08 05:40] AUTOSCAN VENDA | Lote: 2.0 | Entry: 1.03527 | SL: 1.03549 | TP: 1.03494 | Risco: 2.2p ($44.00) | Capital: $501.00
2026-09-03 20:59:44,648 | INFO | Lucro: $63.00 | P&L semana: $464.00
2026-09-03 20:59:44,648 | INFO | [2025-01-08 07:00] FECHAMENTO | Take-profit atingido @ 1.03489 | Pips: +3.1 | P&L: +$63.00 | Capital: $564.00
2026-09-03 20:59:44,648 | INFO | Lote [faixa]: 2.0 | Capital: $564.00 | Pip value: $20.00/pip | Losses seguidos: 0
2026-09-03 20:59:44,648 | INFO | [2025-01-08 07:00] AUTOSCAN VENDA | Lote: 2.0 | Entry: 1.03507 | SL: 1.03535 | TP: 1.03465 | Risco: 2.8p ($56.00) | Capital: $564.00
2026-09-03 20:59:44,649 | INFO | Lucro: $79.00 | P&L semana: $543.00
2026-09-03 20:59:44,649 | INFO | [2025-01-08 07:45] FECHAMENTO | Take-profit atingido @ 1.03461 | Pips: +3.9 | P&L: +$79.00 | Capital: $643.00
2026-09-03 20:59:44,650 | INFO | Lote [faixa]: 2.0 | Capital: $643.00 | Pip value: $20.00/pip | Losses seguidos: 0
2026-09-03 20:59:44,650 | INFO | [2025-01-08 08:05] AUTOSCAN VENDA | Lote: 2.0 | Entry: 1.03449 | SL: 1.03489 | TP: 1.03389 | Risco: 4.0p ($80.00) | Capital: $643.00
2026-09-03 20:59:44,651 | WARNING | Perda: $109.00 | Perdas hoje: 1/100 | Losses seguidos: 1/3
2026-09-03 20:59:44,651 | INFO | [2025-01-08 09:30] FECHAMENTO | Stop-loss atingido @ 1.03497 | Pips: -5.5 | P&L: $-109.00 | Capital: $534.00
2026-09-03 20:59:44,652 | INFO | Lote [faixa]: 2.0 | Capital: $534.00 | Pip value: $20.00/pip | Losses seguidos: 1
2026-09-03 20:59:44,652 | INFO | [2025-01-08 09:30] AUTOSCAN COMPRA | Lote: 2.0 | Entry: 1.03491 | SL: 1.03461 | TP: 1.03536 | Risco: 3.0p ($60.00) | Capital: $534.00
2026-09-03 20:59:44,652 | WARNING | Perda: $75.00 | Perdas hoje: 2/100 | Losses seguidos: 2/3
2026-09-03 20:59:44,652 | INFO | [2025-01-08 10:05] FECHAMENTO | Stop-loss atingido @ 1.03460 | Pips: -3.8 | P&L: $-75.00 | Capital: $459.00
2026-09-03 20:59:44,653 | WARNING | Drawdown semanal 28.6% > 20% → Reduzindo lote: 2.0 → 1.0
2026-09-03 20:59:44,653 | INFO | Lote [faixa]: 1.0 | Capital: $459.00 | Pip value: $10.00/pip | Losses seguidos: 2
2026-09-03 20:59:44,653 | INFO | [2025-01-08 10:20] AUTOSCAN VENDA | Lote: 1.0 | Entry: 1.03406 | SL: 1.03445 | TP: 1.03347 | Risco: 3.9p ($39.00) | Capital: $459.00
2026-09-03 20:59:44,654 | INFO | Lucro: $64.50 | P&L semana: $423.50
2026-09-03 20:59:44,654 | INFO | [2025-01-08 10:45] FECHAMENTO | Take-profit atingido @ 1.03335 | Pips: +6.5 | P&L: +$64.50 | Capital: $523.50
2026-09-03 20:59:44,655 | INFO | Lote [faixa]: 2.0 | Capital: $523.50 | Pip value: $20.00/pip | Losses seguidos: 0
2026-09-03 20:59:44,655 | INFO | [2025-01-08 11:30] AUTOSCAN VENDA | Lote: 2.0 | Entry: 1.03328 | SL: 1.03362 | TP: 1.03277 | Risco: 3.4p ($68.00) | Capital: $523.50
2026-09-03 20:59:44,656 | INFO | Lucro: $121.00 | P&L semana: $544.50
2026-09-03 20:59:44,656 | INFO | [2025-01-08 12:25] FECHAMENTO | Take-profit atingido @ 1.03261 | Pips: +6.0 | P&L: +$121.00 | Capital: $644.50
2026-09-03 20:59:44,657 | INFO | Lote [faixa]: 2.0 | Capital: $644.50 | Pip value: $20.00/pip | Losses seguidos: 0
2026-09-03 20:59:44,657 | INFO | [2025-01-08 12:25] AUTOSCAN VENDA | Lote: 2.0 | Entry: 1.03268 | SL: 1.03310 | TP: 1.03205 | Risco: 4.2p ($84.00) | Capital: $644.50
2026-09-03 20:59:44,664 | INFO | Lucro: $119.00 | P&L semana: $663.50
2026-09-03 20:59:44,664 | INFO | [2025-01-08 20:55] FECHAMENTO | Take-profit atingido @ 1.03202 | Pips: +6.0 | P&L: +$119.00 | Capital: $763.50
2026-09-03 20:59:44,665 | INFO | Lote [faixa]: 2.0 | Capital: $763.50 | Pip value: $20.00/pip | Losses seguidos: 0
2026-09-03 20:59:44,665 | INFO | [2025-01-08 21:20] AUTOSCAN VENDA | Lote: 2.0 | Entry: 1.03188 | SL: 1.03217 | TP: 1.03144 | Risco: 2.9p ($58.00) | Capital: $763.50
2026-09-03 20:59:44,667 | INFO | Novo dia (2025-01-09). Resetando contadores diários.
2026-09-03 20:59:44,669 | WARNING | Perda: $79.00 | Perdas hoje: 1/100 | Losses seguidos: 1/3
2026-09-03 20:59:44,669 | INFO | [2025-01-09 01:15] FECHAMENTO | Stop-loss atingido @ 1.03221 | Pips: -4.0 | P&L: $-79.00 | Capital: $684.50
2026-09-03 20:59:44,669 | INFO | Lote [faixa]: 2.0 | Capital: $684.50 | Pip value: $20.00/pip | Losses seguidos: 1
2026-09-03 20:59:44,669 | INFO | [2025-01-09 01:15] AUTOSCAN COMPRA | Lote: 2.0 | Entry: 1.03213 | SL: 1.03194 | TP: 1.03241 | Risco: 1.9p ($38.00) | Capital: $684.50
2026-09-03 20:59:44,669 | INFO | Lucro: $45.00 | P&L semana: $629.50
2026-09-03 20:59:44,669 | INFO | [2025-01-09 01:40] FECHAMENTO | Take-profit atingido @ 1.03242 | Pips: +2.2 | P&L: +$45.00 | Capital: $729.50
2026-09-03 20:59:44,673 | INFO | Lote [faixa]: 2.0 | Capital: $729.50 | Pip value: $20.00/pip | Losses seguidos: 0
2026-09-03 20:59:44,673 | INFO | [2025-01-09 03:35] AUTOSCAN VENDA | Lote: 2.0 | Entry: 1.03232 | SL: 1.03251 | TP: 1.03203 | Risco: 1.9p ($38.00) | Capital: $729.50
2026-09-03 20:59:44,674 | WARNING | Perda: $53.00 | Perdas hoje: 2/100 | Losses seguidos: 1/3
2026-09-03 20:59:44,674 | INFO | [2025-01-09 04:10] FECHAMENTO | Stop-loss atingido @ 1.03252 | Pips: -2.7 | P&L: $-53.00 | Capital: $676.50
2026-09-03 20:59:44,675 | INFO | Lote [faixa]: 2.0 | Capital: $676.50 | Pip value: $20.00/pip | Losses seguidos: 1
2026-09-03 20:59:44,675 | INFO | [2025-01-09 04:45] AUTOSCAN COMPRA | Lote: 2.0 | Entry: 1.03261 | SL: 1.03239 | TP: 1.03294 | Risco: 2.2p ($44.00) | Capital: $676.50
2026-09-03 20:59:44,677 | INFO | Lucro: $57.00 | P&L semana: $633.50
2026-09-03 20:59:44,677 | INFO | [2025-01-09 06:30] FECHAMENTO | Take-profit atingido @ 1.03296 | Pips: +2.9 | P&L: +$57.00 | Capital: $733.50
2026-09-03 20:59:44,678 | INFO | Lote [faixa]: 2.0 | Capital: $733.50 | Pip value: $20.00/pip | Losses seguidos: 0
2026-09-03 20:59:44,678 | INFO | [2025-01-09 06:40] AUTOSCAN COMPRA | Lote: 2.0 | Entry: 1.03302 | SL: 1.03278 | TP: 1.03338 | Risco: 2.4p ($48.00) | Capital: $733.50
2026-09-03 20:59:44,679 | WARNING | Perda: $101.00 | Perdas hoje: 3/100 | Losses seguidos: 1/3
2026-09-03 20:59:44,679 | INFO | [2025-01-09 07:50] FECHAMENTO | Stop-loss atingido @ 1.03258 | Pips: -5.0 | P&L: $-101.00 | Capital: $632.50
2026-09-03 20:59:44,679 | INFO | Lote [faixa]: 2.0 | Capital: $632.50 | Pip value: $20.00/pip | Losses seguidos: 1
2026-09-03 20:59:44,679 | INFO | [2025-01-09 07:50] AUTOSCAN VENDA | Lote: 2.0 | Entry: 1.03273 | SL: 1.03305 | TP: 1.03225 | Risco: 3.2p ($64.00) | Capital: $632.50
2026-09-03 20:59:44,680 | INFO | Lucro: $99.00 | P&L semana: $631.50
2026-09-03 20:59:44,680 | INFO | [2025-01-09 08:05] FECHAMENTO | Take-profit atingido @ 1.03217 | Pips: +4.9 | P&L: +$99.00 | Capital: $731.50
2026-09-03 20:59:44,681 | INFO | Lote [faixa]: 2.0 | Capital: $731.50 | Pip value: $20.00/pip | Losses seguidos: 0
2026-09-03 20:59:44,681 | INFO | [2025-01-09 08:50] AUTOSCAN COMPRA | Lote: 2.0 | Entry: 1.03321 | SL: 1.03295 | TP: 1.03360 | Risco: 2.6p ($52.00) | Capital: $731.50
2026-09-03 20:59:44,682 | INFO | Lucro: $85.00 | P&L semana: $716.50
2026-09-03 20:59:44,682 | INFO | [2025-01-09 09:00] FECHAMENTO | Take-profit atingido @ 1.03370 | Pips: +4.3 | P&L: +$85.00 | Capital: $816.50
2026-09-03 20:59:44,684 | INFO | Lote [faixa]: 4.0 | Capital: $816.50 | Pip value: $40.00/pip | Losses seguidos: 0
2026-09-03 20:59:44,684 | INFO | [2025-01-09 10:25] AUTOSCAN COMPRA | Lote: 4.0 | Entry: 1.03446 | SL: 1.03410 | TP: 1.03500 | Risco: 3.6p ($144.00) | Capital: $816.50
2026-09-03 20:59:44,685 | INFO | Lucro: $210.00 | P&L semana: $926.50
2026-09-03 20:59:44,685 | INFO | [2025-01-09 11:45] FECHAMENTO | Take-profit atingido @ 1.03505 | Pips: +5.3 | P&L: +$210.00 | Capital: $1026.50
2026-09-03 20:59:44,686 | INFO | Lote [faixa]: 4.0 | Capital: $1026.50 | Pip value: $40.00/pip | Losses seguidos: 0
2026-09-03 20:59:44,686 | INFO | [2025-01-09 11:45] AUTOSCAN COMPRA | Lote: 4.0 | Entry: 1.03497 | SL: 1.03454 | TP: 1.03562 | Risco: 4.3p ($172.00) | Capital: $1026.50
2026-09-03 20:59:44,687 | WARNING | Perda: $218.00 | Perdas hoje: 4/100 | Losses seguidos: 1/3
2026-09-03 20:59:44,687 | INFO | [2025-01-09 13:35] FECHAMENTO | Stop-loss atingido @ 1.03449 | Pips: -5.5 | P&L: $-218.00 | Capital: $808.50
2026-09-03 20:59:44,688 | WARNING | Drawdown semanal 21.2% > 20% → Reduzindo lote: 4.0 → 2.0
2026-09-03 20:59:44,688 | INFO | Lote [faixa]: 2.0 | Capital: $808.50 | Pip value: $20.00/pip | Losses seguidos: 1
2026-09-03 20:59:44,688 | INFO | [2025-01-09 13:35] AUTOSCAN VENDA | Lote: 2.0 | Entry: 1.03452 | SL: 1.03483 | TP: 1.03406 | Risco: 3.1p ($62.00) | Capital: $808.50
2026-09-03 20:59:44,689 | INFO | Lucro: $87.00 | P&L semana: $795.50
2026-09-03 20:59:44,689 | INFO | [2025-01-09 15:25] FECHAMENTO | Take-profit atingido @ 1.03402 | Pips: +4.4 | P&L: +$87.00 | Capital: $895.50
2026-09-03 20:59:44,690 | INFO | Lote [faixa]: 4.0 | Capital: $895.50 | Pip value: $40.00/pip | Losses seguidos: 0
2026-09-03 20:59:44,691 | INFO | [2025-01-09 15:55] AUTOSCAN COMPRA | Lote: 4.0 | Entry: 1.03472 | SL: 1.03452 | TP: 1.03502 | Risco: 2.0p ($80.00) | Capital: $895.50
2026-09-03 20:59:44,691 | INFO | Lucro: $126.00 | P&L semana: $921.50
2026-09-03 20:59:44,691 | INFO | [2025-01-09 16:20] FECHAMENTO | Take-profit atingido @ 1.03510 | Pips: +3.1 | P&L: +$126.00 | Capital: $1021.50
2026-09-03 20:59:44,692 | INFO | Lote [faixa]: 4.0 | Capital: $1021.50 | Pip value: $40.00/pip | Losses seguidos: 0
2026-09-03 20:59:44,693 | INFO | [2025-01-09 17:10] AUTOSCAN COMPRA | Lote: 4.0 | Entry: 1.03549 | SL: 1.03525 | TP: 1.03585 | Risco: 2.4p ($96.00) | Capital: $1021.50
2026-09-03 20:59:44,693 | INFO | Lucro: $122.00 | P&L semana: $1043.50
2026-09-03 20:59:44,693 | INFO | [2025-01-09 17:25] FECHAMENTO | Take-profit atingido @ 1.03586 | Pips: +3.0 | P&L: +$122.00 | Capital: $1143.50
2026-09-03 20:59:44,697 | INFO | Lote [faixa]: 4.0 | Capital: $1143.50 | Pip value: $40.00/pip | Losses seguidos: 0
2026-09-03 20:59:44,697 | INFO | [2025-01-09 19:40] AUTOSCAN VENDA | Lote: 4.0 | Entry: 1.03510 | SL: 1.03535 | TP: 1.03472 | Risco: 2.5p ($100.00) | Capital: $1143.50
2026-09-03 20:59:44,698 | INFO | Lucro: $138.00 | P&L semana: $1181.50
2026-09-03 20:59:44,698 | INFO | [2025-01-09 19:55] FECHAMENTO | Take-profit atingido @ 1.03469 | Pips: +3.4 | P&L: +$138.00 | Capital: $1281.50
2026-09-03 20:59:44,699 | INFO | Lote [faixa]: 4.0 | Capital: $1281.50 | Pip value: $40.00/pip | Losses seguidos: 0
2026-09-03 20:59:44,699 | INFO | [2025-01-09 20:40] AUTOSCAN VENDA | Lote: 4.0 | Entry: 1.03459 | SL: 1.03480 | TP: 1.03427 | Risco: 2.1p ($84.00) | Capital: $1281.50
2026-09-03 20:59:44,699 | INFO | Lucro: $142.00 | P&L semana: $1323.50
2026-09-03 20:59:44,699 | INFO | [2025-01-09 20:55] FECHAMENTO | Take-profit atingido @ 1.03417 | Pips: +3.5 | P&L: +$142.00 | Capital: $1423.50
2026-09-03 20:59:44,702 | INFO | Lote [faixa]: 4.0 | Capital: $1423.50 | Pip value: $40.00/pip | Losses seguidos: 0
2026-09-03 20:59:44,702 | INFO | [2025-01-09 22:20] AUTOSCAN COMPRA | Lote: 4.0 | Entry: 1.03508 | SL: 1.03487 | TP: 1.03540 | Risco: 2.1p ($84.00) | Capital: $1423.50
2026-09-03 20:59:44,703 | WARNING | Perda: $126.00 | Perdas hoje: 5/100 | Losses seguidos: 1/3
2026-09-03 20:59:44,703 | INFO | [2025-01-09 23:20] FECHAMENTO | Stop-loss atingido @ 1.03483 | Pips: -3.2 | P&L: $-126.00 | Capital: $1297.50
2026-09-03 20:59:44,704 | INFO | Novo dia (2025-01-10). Resetando contadores diários.
2026-09-03 20:59:44,708 | INFO | Lote [faixa]: 4.0 | Capital: $1297.50 | Pip value: $40.00/pip | Losses seguidos: 1
2026-09-03 20:59:44,708 | INFO | [2025-01-10 01:45] AUTOSCAN COMPRA | Lote: 4.0 | Entry: 1.03511 | SL: 1.03489 | TP: 1.03544 | Risco: 2.2p ($88.00) | Capital: $1297.50
2026-09-03 20:59:44,710 | INFO | Lucro: $134.00 | P&L semana: $1331.50
2026-09-03 20:59:44,710 | INFO | [2025-01-10 03:35] FECHAMENTO | Take-profit atingido @ 1.03551 | Pips: +3.3 | P&L: +$134.00 | Capital: $1431.50
2026-09-03 20:59:44,710 | INFO | Lote [faixa]: 4.0 | Capital: $1431.50 | Pip value: $40.00/pip | Losses seguidos: 0
2026-09-03 20:59:44,710 | INFO | [2025-01-10 03:35] AUTOSCAN COMPRA | Lote: 4.0 | Entry: 1.03544 | SL: 1.03517 | TP: 1.03584 | Risco: 2.7p ($108.00) | Capital: $1431.50
2026-09-03 20:59:44,712 | INFO | Lucro: $142.00 | P&L semana: $1473.50
2026-09-03 20:59:44,712 | INFO | [2025-01-10 06:10] FECHAMENTO | Take-profit atingido @ 1.03586 | Pips: +3.6 | P&L: +$142.00 | Capital: $1573.50
2026-09-03 20:59:44,713 | INFO | Lote [faixa]: 8.0 | Capital: $1573.50 | Pip value: $80.00/pip | Losses seguidos: 0
2026-09-03 20:59:44,713 | INFO | [2025-01-10 06:10] AUTOSCAN COMPRA | Lote: 8.0 | Entry: 1.03578 | SL: 1.03553 | TP: 1.03615 | Risco: 2.5p ($200.00) | Capital: $1573.50
2026-09-03 20:59:44,714 | WARNING | Perda: $324.00 | Perdas hoje: 1/100 | Losses seguidos: 1/3
2026-09-03 20:59:44,714 | INFO | [2025-01-10 07:35] FECHAMENTO | Stop-loss atingido @ 1.03544 | Pips: -4.0 | P&L: $-324.00 | Capital: $1249.50
2026-09-03 20:59:44,715 | INFO | Lote [faixa]: 4.0 | Capital: $1249.50 | Pip value: $40.00/pip | Losses seguidos: 1
2026-09-03 20:59:44,715 | INFO | [2025-01-10 07:50] AUTOSCAN VENDA | Lote: 4.0 | Entry: 1.03528 | SL: 1.03550 | TP: 1.03495 | Risco: 2.2p ($88.00) | Capital: $1249.50
2026-09-03 20:59:44,716 | WARNING | Perda: $162.00 | Perdas hoje: 2/100 | Losses seguidos: 2/3
2026-09-03 20:59:44,716 | INFO | [2025-01-10 08:45] FECHAMENTO | Stop-loss atingido @ 1.03562 | Pips: -4.0 | P&L: $-162.00 | Capital: $1087.50
2026-09-03 20:59:44,717 | WARNING | Drawdown semanal 30.9% > 20% → Reduzindo lote: 4.0 → 2.0
2026-09-03 20:59:44,717 | INFO | Lote [faixa]: 2.0 | Capital: $1087.50 | Pip value: $20.00/pip | Losses seguidos: 2
2026-09-03 20:59:44,717 | INFO | [2025-01-10 09:15] AUTOSCAN VENDA | Lote: 2.0 | Entry: 1.03485 | SL: 1.03520 | TP: 1.03433 | Risco: 3.5p ($70.00) | Capital: $1087.50
2026-09-03 20:59:44,718 | WARNING | Perda: $83.00 | Perdas hoje: 3/100 | Losses seguidos: 3/3
2026-09-03 20:59:44,718 | INFO | [2025-01-10 10:35] FECHAMENTO | Stop-loss atingido @ 1.03520 | Pips: -4.1 | P&L: $-83.00 | Capital: $1004.50
2026-09-03 20:59:44,730 | INFO | [DIAGNÓSTICO AUTOSCAN] Candles M5: 1440 → trades: 44
2026-09-03 20:59:44,730 | INFO | Backtest concluído | Trades: 44 | Capital final: $1004.50
2026-09-03 20:59:44,731 | INFO | =======================================================
2026-09-03 20:59:44,731 | INFO |            RELATÓRIO DE BACKTEST — BOT RAFI
2026-09-03 20:59:44,731 | INFO | =======================================================
2026-09-03 20:59:44,731 | INFO |   Total de trades  : 44
2026-09-03 20:59:44,731 | INFO |   Ganhos / Perdas  : 32 / 12
2026-09-03 20:59:44,731 | INFO |   Win Rate         : 72.7%
2026-09-03 20:59:44,731 | INFO |   Profit Factor    : 1.652
2026-09-03 20:59:44,731 | INFO |   Expectativa/trade: $20.56
2026-09-03 20:59:44,731 | INFO |   Retorno total    : $904.50 (904.5%)
2026-09-03 20:59:44,731 | INFO |   Capital inicial  : $100.00
2026-09-03 20:59:44,731 | INFO |   Capital final    : $1004.50
2026-09-03 20:59:44,731 | INFO |   Drawdown máximo  : $569.00 (36.2%)
2026-09-03 20:59:44,731 | INFO |   Sharpe Ratio     : 2.795
2026-09-03 20:59:44,731 | INFO |   Duração média    : 75 min
2026-09-03 20:59:44,731 | INFO | =======================================================
2026-09-03 20:59:44,731 | WARNING |   ⚠ Drawdown alto: 36.2%
2026-09-03 20:59:44,731 | INFO |   Resultados por mês:
2026-09-03 20:59:44,731 | INFO |     2025-01: +$904.50
2026-09-03 20:59:44,731 | INFO | =======================================================
2026-09-03 20:59:44,733 | INFO | CSV detalhado exportado: logs/autoscan_demo.csv | 44 trades | WR=72.7% | Config: 47e01c88
2026-09-03 20:59:44,733 | INFO | CSV detalhado: logs/autoscan_demo.csv | Config hash: 47e01c88
2026-09-03 20:59:44,733 | INFO | ✔ METAS DE FASE 1A ATINGIDAS: win rate ≥55% e profit factor ≥1.5
2026-09-03 20:59:50,870 | INFO | === Bot RAFI — Iniciando backtest ===
2026-09-03 20:59:50,870 | INFO | Config hash: 47e01c88 (arquivo: config.yaml)
2026-09-03 20:59:50,870 | INFO | Carregando dados CSV: M5=data/EURUSD_demo_jan2025.csv (M15 será gerado do M5)
2026-09-03 20:59:50,885 | INFO | CSV carregado | M5: 1440 | M15: 1440
2026-09-03 20:59:50,886 | INFO | Pré-calculando indicadores (RAFI, MA20/50 M5, S/R)...
2026-09-03 20:59:50,894 | INFO | Sessões ativas: ['00:00–23:59']
2026-09-03 20:59:50,894 | INFO | Iniciando backtest | Período: 2025-01-06 00:00:00+00:00 → 2025-01-10 23:55:00+00:00 | Candles M5: 1440 | Capital: $100.00 | Max simultâneos: 1
2026-09-03 20:59:50,895 | INFO | Novo dia (2025-01-06). Resetando contadores diários.
2026-09-03 20:59:50,895 | INFO | Nova semana (2025-W02). P&L semana anterior: $0.00 | Losses seguidos: 0
2026-09-03 20:59:50,897 | INFO | Lote [faixa]: 0.4 | Capital: $100.00 | Pip value: $4.00/pip | Losses seguidos: 0
2026-09-03 20:59:50,897 | INFO | [2025-01-06 14:05] AUTOSCAN COMPRA | Lote: 0.4 | Entry: 1.03232 | SL: 1.03199 | TP: 1.03281 | Risco: 3.3p ($13.20) | Capital: $100.00
2026-09-03 20:59:50,899 | INFO | Lucro: $20.20 | P&L semana: $20.20
2026-09-03 20:59:50,899 | INFO | [2025-01-06 15:35] FECHAMENTO | Take-profit atingido @ 1.03289 | Pips: +5.1 | P&L: +$20.20 | Capital: $120.20
2026-09-03 20:59:50,899 | INFO | Lote [faixa]: 0.4 | Capital: $120.20 | Pip value: $4.00/pip | Losses seguidos: 0
2026-09-03 20:59:50,899 | INFO | [2025-01-06 15:35] AUTOSCAN COMPRA | Lote: 0.4 | Entry: 1.03283 | SL: 1.03251 | TP: 1.03331 | Risco: 3.2p ($12.80) | Capital: $120.20
2026-09-03 20:59:50,900 | WARNING | Perda: $17.40 | Perdas hoje: 1/100 | Losses seguidos: 1/3
2026-09-03 20:59:50,900 | INFO | [2025-01-06 16:10] FECHAMENTO | Stop-loss atingido @ 1.03246 | Pips: -4.3 | P&L: $-17.40 | Capital: $102.80
2026-09-03 20:59:50,908 | INFO | Lote [faixa]: 0.4 | Capital: $102.80 | Pip value: $4.00/pip | Losses seguidos: 1
2026-09-03 20:59:50,908 | INFO | [2025-01-06 20:00] AUTOSCAN VENDA | Lote: 0.4 | Entry: 1.03289 | SL: 1.03315 | TP: 1.03250 | Risco: 2.6p ($10.40) | Capital: $102.80
2026-09-03 20:59:50,908 | INFO | Lucro: $13.40 | P&L semana: $16.20
2026-09-03 20:59:50,908 | INFO | [2025-01-06 20:10] FECHAMENTO | Take-profit atingido @ 1.03249 | Pips: +3.4 | P&L: +$13.40 | Capital: $116.20
2026-09-03 20:59:50,913 | INFO | Lote [faixa]: 0.4 | Capital: $116.20 | Pip value: $4.00/pip | Losses seguidos: 0
2026-09-03 20:59:50,914 | INFO | [2025-01-06 23:10] AUTOSCAN VENDA | Lote: 0.4 | Entry: 1.03151 | SL: 1.03170 | TP: 1.03122 | Risco: 1.9p ($7.60) | Capital: $116.20
2026-09-03 20:59:50,914 | INFO | Novo dia (2025-01-07). Resetando contadores diários.
2026-09-03 20:59:50,915 | INFO | Lucro: $9.00 | P&L semana: $25.20
2026-09-03 20:59:50,915 | INFO | [2025-01-07 00:25] FECHAMENTO | Take-profit atingido @ 1.03122 | Pips: +2.2 | P&L: +$9.00 | Capital: $125.20
2026-09-03 20:59:50,918 | INFO | Lote [faixa]: 0.4 | Capital: $125.20 | Pip value: $4.00/pip | Losses seguidos: 0
2026-09-03 20:59:50,918 | INFO | [2025-01-07 01:40] AUTOSCAN COMPRA | Lote: 0.4 | Entry: 1.03167 | SL: 1.03145 | TP: 1.03200 | Risco: 2.2p ($8.80) | Capital: $125.20
2026-09-03 20:59:50,918 | INFO | Lucro: $12.60 | P&L semana: $37.80
2026-09-03 20:59:50,918 | INFO | [2025-01-07 02:00] FECHAMENTO | Take-profit atingido @ 1.03205 | Pips: +3.1 | P&L: +$12.60 | Capital: $137.80
2026-09-03 20:59:50,923 | INFO | Lote [faixa]: 0.4 | Capital: $137.80 | Pip value: $4.00/pip | Losses seguidos: 0
2026-09-03 20:59:50,923 | INFO | [2025-01-07 04:25] AUTOSCAN VENDA | Lote: 0.4 | Entry: 1.03148 | SL: 1.03169 | TP: 1.03116 | Risco: 2.1p ($8.40) | Capital: $137.80
2026-09-03 20:59:50,925 | INFO | Lucro: $10.60 | P&L semana: $48.40
2026-09-03 20:59:50,925 | INFO | [2025-01-07 06:45] FECHAMENTO | Take-profit atingido @ 1.03115 | Pips: +2.6 | P&L: +$10.60 | Capital: $148.40
2026-09-03 20:59:50,925 | INFO | Lote [faixa]: 0.4 | Capital: $148.40 | Pip value: $4.00/pip | Losses seguidos: 0
2026-09-03 20:59:50,926 | INFO | [2025-01-07 07:00] AUTOSCAN VENDA | Lote: 0.4 | Entry: 1.03111 | SL: 1.03143 | TP: 1.03063 | Risco: 3.2p ($12.80) | Capital: $148.40
2026-09-03 20:59:50,927 | INFO | Lucro: $17.80 | P&L semana: $66.20
2026-09-03 20:59:50,927 | INFO | [2025-01-07 08:20] FECHAMENTO | Take-profit atingido @ 1.03060 | Pips: +4.5 | P&L: +$17.80 | Capital: $166.20
2026-09-03 20:59:50,927 | INFO | Lote [faixa]: 0.7 | Capital: $166.20 | Pip value: $7.00/pip | Losses seguidos: 0
2026-09-03 20:59:50,928 | INFO | [2025-01-07 08:20] AUTOSCAN VENDA | Lote: 0.7 | Entry: 1.03064 | SL: 1.03089 | TP: 1.03026 | Risco: 2.5p ($17.50) | Capital: $166.20
2026-09-03 20:59:50,928 | INFO | Lucro: $22.05 | P&L semana: $88.25
2026-09-03 20:59:50,928 | INFO | [2025-01-07 08:40] FECHAMENTO | Take-profit atingido @ 1.03026 | Pips: +3.2 | P&L: +$22.05 | Capital: $188.25
2026-09-03 20:59:50,931 | INFO | Lote [faixa]: 0.7 | Capital: $188.25 | Pip value: $7.00/pip | Losses seguidos: 0
2026-09-03 20:59:50,931 | INFO | [2025-01-07 09:50] AUTOSCAN COMPRA | Lote: 0.7 | Entry: 1.03122 | SL: 1.03087 | TP: 1.03175 | Risco: 3.5p ($24.50) | Capital: $188.25
2026-09-03 20:59:50,931 | INFO | Lucro: $36.75 | P&L semana: $125.00
2026-09-03 20:59:50,932 | INFO | [2025-01-07 10:10] FECHAMENTO | Take-profit atingido @ 1.03181 | Pips: +5.2 | P&L: +$36.75 | Capital: $225.00
2026-09-03 20:59:50,933 | INFO | Lote [faixa]: 1.0 | Capital: $225.00 | Pip value: $10.00/pip | Losses seguidos: 0
2026-09-03 20:59:50,933 | INFO | [2025-01-07 11:00] AUTOSCAN COMPRA | Lote: 1.0 | Entry: 1.03254 | SL: 1.03219 | TP: 1.03307 | Risco: 3.5p ($35.00) | Capital: $225.00
2026-09-03 20:59:50,934 | INFO | Lucro: $64.50 | P&L semana: $189.50
2026-09-03 20:59:50,934 | INFO | [2025-01-07 12:00] FECHAMENTO | Take-profit atingido @ 1.03325 | Pips: +6.5 | P&L: +$64.50 | Capital: $289.50
2026-09-03 20:59:50,935 | INFO | Lote [faixa]: 1.0 | Capital: $289.50 | Pip value: $10.00/pip | Losses seguidos: 0
2026-09-03 20:59:50,935 | INFO | [2025-01-07 12:00] AUTOSCAN COMPRA | Lote: 1.0 | Entry: 1.03312 | SL: 1.03278 | TP: 1.03363 | Risco: 3.4p ($34.00) | Capital: $289.50
2026-09-03 20:59:50,936 | WARNING | Perda: $40.50 | Perdas hoje: 1/100 | Losses seguidos: 1/3
2026-09-03 20:59:50,936 | INFO | [2025-01-07 12:30] FECHAMENTO | Stop-loss atingido @ 1.03278 | Pips: -4.0 | P&L: $-40.50 | Capital: $249.00
2026-09-03 20:59:50,943 | INFO | Lote [faixa]: 1.0 | Capital: $249.00 | Pip value: $10.00/pip | Losses seguidos: 1
2026-09-03 20:59:50,943 | INFO | [2025-01-07 15:20] AUTOSCAN COMPRA | Lote: 1.0 | Entry: 1.03294 | SL: 1.03271 | TP: 1.03328 | Risco: 2.3p ($23.00) | Capital: $249.00
2026-09-03 20:59:50,944 | INFO | Lucro: $29.50 | P&L semana: $178.50
2026-09-03 20:59:50,944 | INFO | [2025-01-07 15:50] FECHAMENTO | Take-profit atingido @ 1.03330 | Pips: +3.0 | P&L: +$29.50 | Capital: $278.50
2026-09-03 20:59:50,945 | INFO | Lote [faixa]: 1.0 | Capital: $278.50 | Pip value: $10.00/pip | Losses seguidos: 0
2026-09-03 20:59:50,945 | INFO | [2025-01-07 16:00] AUTOSCAN COMPRA | Lote: 1.0 | Entry: 1.03348 | SL: 1.03307 | TP: 1.03410 | Risco: 4.1p ($41.00) | Capital: $278.50
2026-09-03 20:59:50,947 | INFO | Lucro: $58.50 | P&L semana: $237.00
2026-09-03 20:59:50,947 | INFO | [2025-01-07 17:45] FECHAMENTO | Take-profit atingido @ 1.03413 | Pips: +5.9 | P&L: +$58.50 | Capital: $337.00
2026-09-03 20:59:50,950 | INFO | Lote [faixa]: 1.0 | Capital: $337.00 | Pip value: $10.00/pip | Losses seguidos: 0
2026-09-03 20:59:50,950 | INFO | [2025-01-07 18:40] AUTOSCAN COMPRA | Lote: 1.0 | Entry: 1.03439 | SL: 1.03412 | TP: 1.03479 | Risco: 2.7p ($27.00) | Capital: $337.00
2026-09-03 20:59:50,952 | INFO | Lucro: $39.50 | P&L semana: $276.50
2026-09-03 20:59:50,952 | INFO | [2025-01-07 21:30] FECHAMENTO | Take-profit atingido @ 1.03485 | Pips: +4.0 | P&L: +$39.50 | Capital: $376.50
2026-09-03 20:59:50,954 | INFO | Lote [faixa]: 1.0 | Capital: $376.50 | Pip value: $10.00/pip | Losses seguidos: 0
2026-09-03 20:59:50,955 | INFO | [2025-01-07 22:35] AUTOSCAN COMPRA | Lote: 1.0 | Entry: 1.03525 | SL: 1.03500 | TP: 1.03562 | Risco: 2.5p ($25.00) | Capital: $376.50
2026-09-03 20:59:50,956 | INFO | Lucro: $32.50 | P&L semana: $309.00
2026-09-03 20:59:50,956 | INFO | [2025-01-07 23:35] FECHAMENTO | Take-profit atingido @ 1.03564 | Pips: +3.2 | P&L: +$32.50 | Capital: $409.00
2026-09-03 20:59:50,956 | INFO | Lote [faixa]: 2.0 | Capital: $409.00 | Pip value: $20.00/pip | Losses seguidos: 0
2026-09-03 20:59:50,956 | INFO | [2025-01-07 23:40] AUTOSCAN COMPRA | Lote: 2.0 | Entry: 1.03564 | SL: 1.03545 | TP: 1.03592 | Risco: 1.9p ($38.00) | Capital: $409.00
2026-09-03 20:59:50,957 | INFO | Novo dia (2025-01-08). Resetando contadores diários.
2026-09-03 20:59:50,958 | INFO | Lucro: $47.00 | P&L semana: $356.00
2026-09-03 20:59:50,958 | INFO | [2025-01-08 01:10] FECHAMENTO | Take-profit atingido @ 1.03594 | Pips: +2.4 | P&L: +$47.00 | Capital: $456.00
2026-09-03 20:59:50,963 | INFO | Lote [faixa]: 2.0 | Capital: $456.00 | Pip value: $20.00/pip | Losses seguidos: 0
2026-09-03 20:59:50,963 | INFO | [2025-01-08 03:45] AUTOSCAN VENDA | Lote: 2.0 | Entry: 1.03559 | SL: 1.03578 | TP: 1.03531 | Risco: 1.9p ($38.00) | Capital: $456.00
2026-09-03 20:59:50,963 | INFO | Lucro: $45.00 | P&L semana: $401.00
2026-09-03 20:59:50,964 | INFO | [2025-01-08 04:00] FECHAMENTO | Take-profit atingido @ 1.03530 | Pips: +2.2 | P&L: +$45.00 | Capital: $501.00
2026-09-03 20:59:50,967 | INFO | Lote [faixa]: 2.0 | Capital: $501.00 | Pip value: $20.00/pip | Losses seguidos: 0
2026-09-03 20:59:50,967 | INFO | [2025-01-08 05:40] AUTOSCAN VENDA | Lote: 2.0 | Entry: 1.03527 | SL: 1.03549 | TP: 1.03494 | Risco: 2.2p ($44.00) | Capital: $501.00
2026-09-03 20:59:50,968 | INFO | Lucro: $63.00 | P&L semana: $464.00
2026-09-03 20:59:50,968 | INFO | [2025-01-08 07:00] FECHAMENTO | Take-profit atingido @ 1.03489 | Pips: +3.1 | P&L: +$63.00 | Capital: $564.00
2026-09-03 20:59:50,968 | INFO | Lote [faixa]: 2.0 | Capital: $564.00 | Pip value: $20.00/pip | Losses seguidos: 0
2026-09-03 20:59:50,969 | INFO | [2025-01-08 07:00] AUTOSCAN VENDA | Lote: 2.0 | Entry: 1.03507 | SL: 1.03535 | TP: 1.03465 | Risco: 2.8p ($56.00) | Capital: $564.00
2026-09-03 20:59:50,969 | INFO | Lucro: $79.00 | P&L semana: $543.00
2026-09-03 20:59:50,969 | INFO | [2025-01-08 07:45] FECHAMENTO | Take-profit atingido @ 1.03461 | Pips: +3.9 | P&L: +$79.00 | Capital: $643.00
2026-09-03 20:59:50,970 | INFO | Lote [faixa]: 2.0 | Capital: $643.00 | Pip value: $20.00/pip | Losses seguidos: 0
2026-09-03 20:59:50,970 | INFO | [2025-01-08 08:05] AUTOSCAN VENDA | Lote: 2.0 | Entry: 1.03449 | SL: 1.03489 | TP: 1.03389 | Risco: 4.0p ($80.00) | Capital: $643.00
2026-09-03 20:59:50,972 | WARNING | Perda: $109.00 | Perdas hoje: 1/100 | Losses seguidos: 1/3
2026-09-03 20:59:50,972 | INFO | [2025-01-08 09:30] FECHAMENTO | Stop-loss atingido @ 1.03497 | Pips: -5.5 | P&L: $-109.00 | Capital: $534.00
2026-09-03 20:59:50,972 | INFO | Lote [faixa]: 2.0 | Capital: $534.00 | Pip value: $20.00/pip | Losses seguidos: 1
2026-09-03 20:59:50,972 | INFO | [2025-01-08 09:30] AUTOSCAN COMPRA | Lote: 2.0 | Entry: 1.03491 | SL: 1.03461 | TP: 1.03536 | Risco: 3.0p ($60.00) | Capital: $534.00
2026-09-03 20:59:50,973 | WARNING | Perda: $75.00 | Perdas hoje: 2/100 | Losses seguidos: 2/3
2026-09-03 20:59:50,973 | INFO | [2025-01-08 10:05] FECHAMENTO | Stop-loss atingido @ 1.03460 | Pips: -3.8 | P&L: $-75.00 | Capital: $459.00
2026-09-03 20:59:50,974 | WARNING | Drawdown semanal 28.6% > 20% → Reduzindo lote: 2.0 → 1.0
2026-09-03 20:59:50,974 | INFO | Lote [faixa]: 1.0 | Capital: $459.00 | Pip value: $10.00/pip | Losses seguidos: 2
2026-09-03 20:59:50,974 | INFO | [2025-01-08 10:20] AUTOSCAN VENDA | Lote: 1.0 | Entry: 1.03406 | SL: 1.03445 | TP: 1.03347 | Risco: 3.9p ($39.00) | Capital: $459.00
2026-09-03 20:59:50,974 | INFO | Lucro: $64.50 | P&L semana: $423.50
2026-09-03 20:59:50,974 | INFO | [2025-01-08 10:45] FECHAMENTO | Take-profit atingido @ 1.03335 | Pips: +6.5 | P&L: +$64.50 | Capital: $523.50
2026-09-03 20:59:50,976 | INFO | Lote [faixa]: 2.0 | Capital: $523.50 | Pip value: $20.00/pip | Losses seguidos: 0
2026-09-03 20:59:50,976 | INFO | [2025-01-08 11:30] AUTOSCAN VENDA | Lote: 2.0 | Entry: 1.03328 | SL: 1.03362 | TP: 1.03277 | Risco: 3.4p ($68.00) | Capital: $523.50
2026-09-03 20:59:50,977 | INFO | Lucro: $121.00 | P&L semana: $544.50
2026-09-03 20:59:50,977 | INFO | [2025-01-08 12:25] FECHAMENTO | Take-profit atingido @ 1.03261 | Pips: +6.0 | P&L: +$121.00 | Capital: $644.50
2026-09-03 20:59:50,977 | INFO | Lote [faixa]: 2.0 | Capital: $644.50 | Pip value: $20.00/pip | Losses seguidos: 0
2026-09-03 20:59:50,977 | INFO | [2025-01-08 12:25] AUTOSCAN VENDA | Lote: 2.0 | Entry: 1.03268 | SL: 1.03310 | TP: 1.03205 | Risco: 4.2p ($84.00) | Capital: $644.50
2026-09-03 20:59:50,984 | INFO | Lucro: $119.00 | P&L semana: $663.50
2026-09-03 20:59:50,984 | INFO | [2025-01-08 20:55] FECHAMENTO | Take-profit atingido @ 1.03202 | Pips: +6.0 | P&L: +$119.00 | Capital: $763.50
2026-09-03 20:59:50,986 | INFO | Lote [faixa]: 2.0 | Capital: $763.50 | Pip value: $20.00/pip | Losses seguidos: 0
2026-09-03 20:59:50,986 | INFO | [2025-01-08 21:20] AUTOSCAN VENDA | Lote: 2.0 | Entry: 1.03188 | SL: 1.03217 | TP: 1.03144 | Risco: 2.9p ($58.00) | Capital: $763.50
2026-09-03 20:59:50,988 | INFO | Novo dia (2025-01-09). Resetando contadores diários.
2026-09-03 20:59:50,989 | WARNING | Perda: $79.00 | Perdas hoje: 1/100 | Losses seguidos: 1/3
2026-09-03 20:59:50,989 | INFO | [2025-01-09 01:15] FECHAMENTO | Stop-loss atingido @ 1.03221 | Pips: -4.0 | P&L: $-79.00 | Capital: $684.50
2026-09-03 20:59:50,989 | INFO | Lote [faixa]: 2.0 | Capital: $684.50 | Pip value: $20.00/pip | Losses seguidos: 1
2026-09-03 20:59:50,989 | INFO | [2025-01-09 01:15] AUTOSCAN COMPRA | Lote: 2.0 | Entry: 1.03213 | SL: 1.03194 | TP: 1.03241 | Risco: 1.9p ($38.00) | Capital: $684.50
2026-09-03 20:59:50,990 | INFO | Lucro: $45.00 | P&L semana: $629.50
2026-09-03 20:59:50,990 | INFO | [2025-01-09 01:40] FECHAMENTO | Take-profit atingido @ 1.03242 | Pips: +2.2 | P&L: +$45.00 | Capital: $729.50
2026-09-03 20:59:50,993 | INFO | Lote [faixa]: 2.0 | Capital: $729.50 | Pip value: $20.00/pip | Losses seguidos: 0
2026-09-03 20:59:50,994 | INFO | [2025-01-09 03:35] AUTOSCAN VENDA | Lote: 2.0 | Entry: 1.03232 | SL: 1.03251 | TP: 1.03203 | Risco: 1.9p ($38.00) | Capital: $729.50
2026-09-03 20:59:50,994 | WARNING | Perda: $53.00 | Perdas hoje: 2/100 | Losses seguidos: 1/3
2026-09-03 20:59:50,994 | INFO | [2025-01-09 04:10] FECHAMENTO | Stop-loss atingido @ 1.03252 | Pips: -2.7 | P&L: $-53.00 | Capital: $676.50
2026-09-03 20:59:50,996 | INFO | Lote [faixa]: 2.0 | Capital: $676.50 | Pip value: $20.00/pip | Losses seguidos: 1
2026-09-03 20:59:50,996 | INFO | [2025-01-09 04:45] AUTOSCAN COMPRA | Lote: 2.0 | Entry: 1.03261 | SL: 1.03239 | TP: 1.03294 | Risco: 2.2p ($44.00) | Capital: $676.50
2026-09-03 20:59:50,997 | INFO | Lucro: $57.00 | P&L semana: $633.50
2026-09-03 20:59:50,997 | INFO | [2025-01-09 06:30] FECHAMENTO | Take-profit atingido @ 1.03296 | Pips: +2.9 | P&L: +$57.00 | Capital: $733.50
2026-09-03 20:59:50,998 | INFO | Lote [faixa]: 2.0 | Capital: $733.50 | Pip value: $20.00/pip | Losses seguidos: 0
2026-09-03 20:59:50,998 | INFO | [2025-01-09 06:40] AUTOSCAN COMPRA | Lote: 2.0 | Entry: 1.03302 | SL: 1.03278 | TP: 1.03338 | Risco: 2.4p ($48.00) | Capital: $733.50
2026-09-03 20:59:50,999 | WARNING | Perda: $101.00 | Perdas hoje: 3/100 | Losses seguidos: 1/3
2026-09-03 20:59:50,999 | INFO | [2025-01-09 07:50] FECHAMENTO | Stop-loss atingido @ 1.03258 | Pips: -5.0 | P&L: $-101.00 | Capital: $632.50
2026-09-03 20:59:50,999 | INFO | Lote [faixa]: 2.0 | Capital: $632.50 | Pip value: $20.00/pip | Losses seguidos: 1
2026-09-03 20:59:51,000 | INFO | [2025-01-09 07:50] AUTOSCAN VENDA | Lote: 2.0 | Entry: 1.03273 | SL: 1.03305 | TP: 1.03225 | Risco: 3.2p ($64.00) | Capital: $632.50
2026-09-03 20:59:51,000 | INFO | Lucro: $99.00 | P&L semana: $631.50
2026-09-03 20:59:51,000 | INFO | [2025-01-09 08:05] FECHAMENTO | Take-profit atingido @ 1.03217 | Pips: +4.9 | P&L: +$99.00 | Capital: $731.50
2026-09-03 20:59:51,001 | INFO | Lote [faixa]: 2.0 | Capital: $731.50 | Pip value: $20.00/pip | Losses seguidos: 0
2026-09-03 20:59:51,001 | INFO | [2025-01-09 08:50] AUTOSCAN COMPRA | Lote: 2.0 | Entry: 1.03321 | SL: 1.03295 | TP: 1.03360 | Risco: 2.6p ($52.00) | Capital: $731.50
2026-09-03 20:59:51,002 | INFO | Lucro: $85.00 | P&L semana: $716.50
2026-09-03 20:59:51,002 | INFO | [2025-01-09 09:00] FECHAMENTO | Take-profit atingido @ 1.03370 | Pips: +4.3 | P&L: +$85.00 | Capital: $816.50
2026-09-03 20:59:51,004 | INFO | Lote [faixa]: 4.0 | Capital: $816.50 | Pip value: $40.00/pip | Losses seguidos: 0
2026-09-03 20:59:51,004 | INFO | [2025-01-09 10:25] AUTOSCAN COMPRA | Lote: 4.0 | Entry: 1.03446 | SL: 1.03410 | TP: 1.03500 | Risco: 3.6p ($144.00) | Capital: $816.50
2026-09-03 20:59:51,006 | INFO | Lucro: $210.00 | P&L semana: $926.50
2026-09-03 20:59:51,006 | INFO | [2025-01-09 11:45] FECHAMENTO | Take-profit atingido @ 1.03505 | Pips: +5.3 | P&L: +$210.00 | Capital: $1026.50
2026-09-03 20:59:51,006 | INFO | Lote [faixa]: 4.0 | Capital: $1026.50 | Pip value: $40.00/pip | Losses seguidos: 0
2026-09-03 20:59:51,006 | INFO | [2025-01-09 11:45] AUTOSCAN COMPRA | Lote: 4.0 | Entry: 1.03497 | SL: 1.03454 | TP: 1.03562 | Risco: 4.3p ($172.00) | Capital: $1026.50
2026-09-03 20:59:51,008 | WARNING | Perda: $218.00 | Perdas hoje: 4/100 | Losses seguidos: 1/3
2026-09-03 20:59:51,008 | INFO | [2025-01-09 13:35] FECHAMENTO | Stop-loss atingido @ 1.03449 | Pips: -5.5 | P&L: $-218.00 | Capital: $808.50
2026-09-03 20:59:51,008 | WARNING | Drawdown semanal 21.2% > 20% → Reduzindo lote: 4.0 → 2.0
2026-09-03 20:59:51,008 | INFO | Lote [faixa]: 2.0 | Capital: $808.50 | Pip value: $20.00/pip | Losses seguidos: 1
2026-09-03 20:59:51,008 | INFO | [2025-01-09 13:35] AUTOSCAN VENDA | Lote: 2.0 | Entry: 1.03452 | SL: 1.03483 | TP: 1.03406 | Risco: 3.1p ($62.00) | Capital: $808.50
2026-09-03 20:59:51,010 | INFO | Lucro: $87.00 | P&L semana: $795.50
2026-09-03 20:59:51,010 | INFO | [2025-01-09 15:25] FECHAMENTO | Take-profit atingido @ 1.03402 | Pips: +4.4 | P&L: +$87.00 | Capital: $895.50
2026-09-03 20:59:51,011 | INFO | Lote [faixa]: 4.0 | Capital: $895.50 | Pip value: $40.00/pip | Losses seguidos: 0
2026-09-03 20:59:51,011 | INFO | [2025-01-09 15:55] AUTOSCAN COMPRA | Lote: 4.0 | Entry: 1.03472 | SL: 1.03452 | TP: 1.03502 | Risco: 2.0p ($80.00) | Capital: $895.50
2026-09-03 20:59:51,012 | INFO | Lucro: $126.00 | P&L semana: $921.50
2026-09-03 20:59:51,012 | INFO | [2025-01-09 16:20] FECHAMENTO | Take-profit atingido @ 1.03510 | Pips: +3.1 | P&L: +$126.00 | Capital: $1021.50
2026-09-03 20:59:51,014 | INFO | Lote [faixa]: 4.0 | Capital: $1021.50 | Pip value: $40.00/pip | Losses seguidos: 0
2026-09-03 20:59:51,014 | INFO | [2025-01-09 17:10] AUTOSCAN COMPRA | Lote: 4.0 | Entry: 1.03549 | SL: 1.03525 | TP: 1.03585 | Risco: 2.4p ($96.00) | Capital: $1021.50
2026-09-03 20:59:51,014 | INFO | Lucro: $122.00 | P&L semana: $1043.50
2026-09-03 20:59:51,014 | INFO | [2025-01-09 17:25] FECHAMENTO | Take-profit atingido @ 1.03586 | Pips: +3.0 | P&L: +$122.00 | Capital: $1143.50
2026-09-03 20:59:51,018 | INFO | Lote [faixa]: 4.0 | Capital: $1143.50 | Pip value: $40.00/pip | Losses seguidos: 0
2026-09-03 20:59:51,018 | INFO | [2025-01-09 19:40] AUTOSCAN VENDA | Lote: 4.0 | Entry: 1.03510 | SL: 1.03535 | TP: 1.03472 | Risco: 2.5p ($100.00) | Capital: $1143.50
2026-09-03 20:59:51,019 | INFO | Lucro: $138.00 | P&L semana: $1181.50
2026-09-03 20:59:51,019 | INFO | [2025-01-09 19:55] FECHAMENTO | Take-profit atingido @ 1.03469 | Pips: +3.4 | P&L: +$138.00 | Capital: $1281.50
2026-09-03 20:59:51,020 | INFO | Lote [faixa]: 4.0 | Capital: $1281.50 | Pip value: $40.00/pip | Losses seguidos: 0
2026-09-03 20:59:51,020 | INFO | [2025-01-09 20:40] AUTOSCAN VENDA | Lote: 4.0 | Entry: 1.03459 | SL: 1.03480 | TP: 1.03427 | Risco: 2.1p ($84.00) | Capital: $1281.50
2026-09-03 20:59:51,020 | INFO | Lucro: $142.00 | P&L semana: $1323.50
2026-09-03 20:59:51,020 | INFO | [2025-01-09 20:55] FECHAMENTO | Take-profit atingido @ 1.03417 | Pips: +3.5 | P&L: +$142.00 | Capital: $1423.50
2026-09-03 20:59:51,023 | INFO | Lote [faixa]: 4.0 | Capital: $1423.50 | Pip value: $40.00/pip | Losses seguidos: 0
2026-09-03 20:59:51,023 | INFO | [2025-01-09 22:20] AUTOSCAN COMPRA | Lote: 4.0 | Entry: 1.03508 | SL: 1.03487 | TP: 1.03540 | Risco: 2.1p ($84.00) | Capital: $1423.50
2026-09-03 20:59:51,024 | WARNING | Perda: $126.00 | Perdas hoje: 5/100 | Losses seguidos: 1/3
2026-09-03 20:59:51,024 | INFO | [2025-01-09 23:20] FECHAMENTO | Stop-loss atingido @ 1.03483 | Pips: -3.2 | P&L: $-126.00 | Capital: $1297.50
2026-09-03 20:59:51,025 | INFO | Novo dia (2025-01-10). Resetando contadores diários.
2026-09-03 20:59:51,029 | INFO | Lote [faixa]: 4.0 | Capital: $1297.50 | Pip value: $40.00/pip | Losses seguidos: 1
2026-09-03 20:59:51,029 | INFO | [2025-01-10 01:45] AUTOSCAN COMPRA | Lote: 4.0 | Entry: 1.03511 | SL: 1.03489 | TP: 1.03544 | Risco: 2.2p ($88.00) | Capital: $1297.50
2026-09-03 20:59:51,030 | INFO | Lucro: $134.00 | P&L semana: $1331.50
2026-09-03 20:59:51,030 | INFO | [2025-01-10 03:35] FECHAMENTO | Take-profit atingido @ 1.03551 | Pips: +3.3 | P&L: +$134.00 | Capital: $1431.50
2026-09-03 20:59:51,031 | INFO | Lote [faixa]: 4.0 | Capital: $1431.50 | Pip value: $40.00/pip | Losses seguidos: 0
2026-09-03 20:59:51,031 | INFO | [2025-01-10 03:35] AUTOSCAN COMPRA | Lote: 4.0 | Entry: 1.03544 | SL: 1.03517 | TP: 1.03584 | Risco: 2.7p ($108.00) | Capital: $1431.50
2026-09-03 20:59:51,033 | INFO | Lucro: $142.00 | P&L semana: $1473.50
2026-09-03 20:59:51,034 | INFO | [2025-01-10 06:10] FECHAMENTO | Take-profit atingido @ 1.03586 | Pips: +3.6 | P&L: +$142.00 | Capital: $1573.50
2026-09-03 20:59:51,034 | INFO | Lote [faixa]: 8.0 | Capital: $1573.50 | Pip value: $80.00/pip | Losses seguidos: 0
2026-09-03 20:59:51,034 | INFO | [2025-01-10 06:10] AUTOSCAN COMPRA | Lote: 8.0 | Entry: 1.03578 | SL: 1.03553 | TP: 1.03615 | Risco: 2.5p ($200.00) | Capital: $1573.50
2026-09-03 20:59:51,036 | WARNING | Perda: $324.00 | Perdas hoje: 1/100 | Losses seguidos: 1/3
2026-09-03 20:59:51,036 | INFO | [2025-01-10 07:35] FECHAMENTO | Stop-loss atingido @ 1.03544 | Pips: -4.0 | P&L: $-324.00 | Capital: $1249.50
2026-09-03 20:59:51,037 | INFO | Lote [faixa]: 4.0 | Capital: $1249.50 | Pip value: $40.00/pip | Losses seguidos: 1
2026-09-03 20:59:51,037 | INFO | [2025-01-10 07:50] AUTOSCAN VENDA | Lote: 4.0 | Entry: 1.03528 | SL: 1.03550 | TP: 1.03495 | Risco: 2.2p ($88.00) | Capital: $1249.50
2026-09-03 20:59:51,038 | WARNING | Perda: $162.00 | Perdas hoje: 2/100 | Losses seguidos: 2/3
2026-09-03 20:59:51,038 | INFO | [2025-01-10 08:45] FECHAMENTO | Stop-loss atingido @ 1.03562 | Pips: -4.0 | P&L: $-162.00 | Capital: $1087.50
2026-09-03 20:59:51,040 | WARNING | Drawdown semanal 30.9% > 20% → Reduzindo lote: 4.0 → 2.0
2026-09-03 20:59:51,040 | INFO | Lote [faixa]: 2.0 | Capital: $1087.50 | Pip value: $20.00/pip | Losses seguidos: 2
2026-09-03 20:59:51,040 | INFO | [2025-01-10 09:15] AUTOSCAN VENDA | Lote: 2.0 | Entry: 1.03485 | SL: 1.03520 | TP: 1.03433 | Risco: 3.5p ($70.00) | Capital: $1087.50
2026-09-03 20:59:51,041 | WARNING | Perda: $83.00 | Perdas hoje: 3/100 | Losses seguidos: 3/3
2026-09-03 20:59:51,041 | INFO | [2025-01-10 10:35] FECHAMENTO | Stop-loss atingido @ 1.03520 | Pips: -4.1 | P&L: $-83.00 | Capital: $1004.50
2026-09-03 20:59:51,052 | INFO | [DIAGNÓSTICO AUTOSCAN] Candles M5: 1440 → trades: 44
2026-09-03 20:59:51,052 | INFO | Backtest concluído | Trades: 44 | Capital final: $1004.50
2026-09-03 20:59:51,053 | INFO | =======================================================
2026-09-03 20:59:51,053 | INFO |            RELATÓRIO DE BACKTEST — BOT RAFI
2026-09-03 20:59:51,054 | INFO | =======================================================
2026-09-03 20:59:51,054 | INFO |   Total de trades  : 44
2026-09-03 20:59:51,054 | INFO |   Ganhos / Perdas  : 32 / 12
2026-09-03 20:59:51,054 | INFO |   Win Rate         : 72.7%
2026-09-03 20:59:51,054 | INFO |   Profit Factor    : 1.652
2026-09-03 20:59:51,054 | INFO |   Expectativa/trade: $20.56
2026-09-03 20:59:51,054 | INFO |   Retorno total    : $904.50 (904.5%)
2026-09-03 20:59:51,054 | INFO |   Capital inicial  : $100.00
2026-09-03 20:59:51,054 | INFO |   Capital final    : $1004.50
2026-09-03 20:59:51,054 | INFO |   Drawdown máximo  : $569.00 (36.2%)
2026-09-03 20:59:51,054 | INFO |   Sharpe Ratio     : 2.795
2026-09-03 20:59:51,054 | INFO |   Duração média    : 75 min
2026-09-03 20:59:51,054 | INFO | =======================================================
2026-09-03 20:59:51,054 | WARNING |   ⚠ Drawdown alto: 36.2%
2026-09-03 20:59:51,054 | INFO |   Resultados por mês:
2026-09-03 20:59:51,054 | INFO |     2025-01: +$904.50
2026-09-03 20:59:51,054 | INFO | =======================================================
2026-09-03 20:59:51,057 | INFO | CSV detalhado exportado: logs/autoscan_demo.csv | 44 trades | WR=72.7% | Config: 47e01c88
2026-09-03 20:59:51,057 | INFO | CSV detalhado: logs/autoscan_demo.csv | Config hash: 47e01c88
2026-09-03 20:59:51,057 | INFO | ✔ METAS DE FASE 1A ATINGIDAS: win rate ≥55% e profit factor ≥1.5
